message;severity;node;stamp;location
"Oh no! I hit the wall! (Clamping from [x=10.504634, y=-0.000512])";"30";"turtlesim3.sim";"1695976428.118332491";"./src/turtle.cpp:update:260"
"Oh no! I hit the wall! (Clamping from [x=10.472638, y=-0.000512])";"30";"turtlesim3.sim";"1695976428.102416892";"./src/turtle.cpp:update:260"
"Oh no! I hit the wall! (Clamping from [x=10.504634, y=-0.000512])";"30";"turtlesim2.sim";"1695976428.101269678";"./src/turtle.cpp:update:260"
"Oh no! I hit the wall! (Clamping from [x=10.440642, y=-0.000512])";"30";"turtlesim3.sim";"1695976428.086491843";"./src/turtle.cpp:update:260"
"Oh no! I hit the wall! (Clamping from [x=10.504634, y=-0.000512])";"30";"turtlesim1.sim";"1695976428.085959905";"./src/turtle.cpp:update:260"
"Oh no! I hit the wall! (Clamping from [x=10.472638, y=-0.000512])";"30";"turtlesim2.sim";"1695976428.084884203";"./src/turtle.cpp:update:260"
"Oh no! I hit the wall! (Clamping from [x=10.408646, y=-0.000512])";"30";"turtlesim3.sim";"1695976428.070560321";"./src/turtle.cpp:update:260"
"Oh no! I hit the wall! (Clamping from [x=10.472638, y=-0.000512])";"30";"turtlesim1.sim";"1695976428.069820015";"./src/turtle.cpp:update:260"
"Oh no! I hit the wall! (Clamping from [x=10.440642, y=-0.000512])";"30";"turtlesim2.sim";"1695976428.068693151";"./src/turtle.cpp:update:260"
"Oh no! I hit the wall! (Clamping from [x=10.440642, y=-0.000512])";"30";"turtlesim1.sim";"1695976428.054562821";"./src/turtle.cpp:update:260"
"Oh no! I hit the wall! (Clamping from [x=10.376650, y=-0.000512])";"30";"turtlesim3.sim";"1695976428.054467128";"./src/turtle.cpp:update:260"
"Oh no! I hit the wall! (Clamping from [x=10.408646, y=-0.000512])";"30";"turtlesim2.sim";"1695976428.053519133";"./src/turtle.cpp:update:260"
"Oh no! I hit the wall! (Clamping from [x=10.408646, y=-0.000512])";"30";"turtlesim1.sim";"1695976428.038338625";"./src/turtle.cpp:update:260"
"Oh no! I hit the wall! (Clamping from [x=10.344654, y=-0.000512])";"30";"turtlesim3.sim";"1695976428.038094635";"./src/turtle.cpp:update:260"
"Oh no! I hit the wall! (Clamping from [x=10.376650, y=-0.000512])";"30";"turtlesim2.sim";"1695976428.037329500";"./src/turtle.cpp:update:260"
"Oh no! I hit the wall! (Clamping from [x=10.376650, y=-0.000512])";"30";"turtlesim1.sim";"1695976428.022306045";"./src/turtle.cpp:update:260"
"Oh no! I hit the wall! (Clamping from [x=10.312658, y=-0.000512])";"30";"turtlesim3.sim";"1695976428.022076313";"./src/turtle.cpp:update:260"
"Oh no! I hit the wall! (Clamping from [x=10.344654, y=-0.000512])";"30";"turtlesim2.sim";"1695976428.021041341";"./src/turtle.cpp:update:260"
"Oh no! I hit the wall! (Clamping from [x=10.280662, y=-0.000512])";"30";"turtlesim3.sim";"1695976428.006185641";"./src/turtle.cpp:update:260"
"Oh no! I hit the wall! (Clamping from [x=10.344654, y=-0.000512])";"30";"turtlesim1.sim";"1695976428.006137021";"./src/turtle.cpp:update:260"
"Oh no! I hit the wall! (Clamping from [x=10.312658, y=-0.000512])";"30";"turtlesim2.sim";"1695976428.005597589";"./src/turtle.cpp:update:260"
"Oh no! I hit the wall! (Clamping from [x=10.248666, y=-0.000512])";"30";"turtlesim3.sim";"1695976427.990450380";"./src/turtle.cpp:update:260"
"Oh no! I hit the wall! (Clamping from [x=10.312658, y=-0.000512])";"30";"turtlesim1.sim";"1695976427.990060200";"./src/turtle.cpp:update:260"
"Oh no! I hit the wall! (Clamping from [x=10.280662, y=-0.000512])";"30";"turtlesim2.sim";"1695976427.989260538";"./src/turtle.cpp:update:260"
"Oh no! I hit the wall! (Clamping from [x=10.280662, y=-0.000512])";"30";"turtlesim1.sim";"1695976427.974376465";"./src/turtle.cpp:update:260"
"Oh no! I hit the wall! (Clamping from [x=10.216670, y=-0.000512])";"30";"turtlesim3.sim";"1695976427.974245499";"./src/turtle.cpp:update:260"
"Oh no! I hit the wall! (Clamping from [x=10.248666, y=-0.000512])";"30";"turtlesim2.sim";"1695976427.973901093";"./src/turtle.cpp:update:260"
"Oh no! I hit the wall! (Clamping from [x=10.248666, y=-0.000512])";"30";"turtlesim1.sim";"1695976427.958047310";"./src/turtle.cpp:update:260"
"Oh no! I hit the wall! (Clamping from [x=10.184675, y=-0.000512])";"30";"turtlesim3.sim";"1695976427.957838263";"./src/turtle.cpp:update:260"
"Oh no! I hit the wall! (Clamping from [x=10.216670, y=-0.000512])";"30";"turtlesim2.sim";"1695976427.957034029";"./src/turtle.cpp:update:260"
"Oh no! I hit the wall! (Clamping from [x=10.152679, y=-0.000512])";"30";"turtlesim3.sim";"1695976427.942472951";"./src/turtle.cpp:update:260"
"Oh no! I hit the wall! (Clamping from [x=10.216670, y=-0.000512])";"30";"turtlesim1.sim";"1695976427.941837244";"./src/turtle.cpp:update:260"
"Oh no! I hit the wall! (Clamping from [x=10.184675, y=-0.000512])";"30";"turtlesim2.sim";"1695976427.941705366";"./src/turtle.cpp:update:260"
"Oh no! I hit the wall! (Clamping from [x=10.120683, y=-0.000512])";"30";"turtlesim3.sim";"1695976427.926437125";"./src/turtle.cpp:update:260"
"Oh no! I hit the wall! (Clamping from [x=10.184675, y=-0.000512])";"30";"turtlesim1.sim";"1695976427.925817913";"./src/turtle.cpp:update:260"
"Oh no! I hit the wall! (Clamping from [x=10.152679, y=-0.000512])";"30";"turtlesim2.sim";"1695976427.925426220";"./src/turtle.cpp:update:260"
"Oh no! I hit the wall! (Clamping from [x=10.088687, y=-0.000512])";"30";"turtlesim3.sim";"1695976427.910540975";"./src/turtle.cpp:update:260"
"Oh no! I hit the wall! (Clamping from [x=10.152679, y=-0.000512])";"30";"turtlesim1.sim";"1695976427.909631228";"./src/turtle.cpp:update:260"
"Oh no! I hit the wall! (Clamping from [x=10.120683, y=-0.000512])";"30";"turtlesim2.sim";"1695976427.909279166";"./src/turtle.cpp:update:260"
"Oh no! I hit the wall! (Clamping from [x=10.120683, y=-0.000512])";"30";"turtlesim1.sim";"1695976427.894522779";"./src/turtle.cpp:update:260"
"Oh no! I hit the wall! (Clamping from [x=10.056691, y=-0.000512])";"30";"turtlesim3.sim";"1695976427.894455025";"./src/turtle.cpp:update:260"
"Oh no! I hit the wall! (Clamping from [x=10.088687, y=-0.000512])";"30";"turtlesim2.sim";"1695976427.893279941";"./src/turtle.cpp:update:260"
"Oh no! I hit the wall! (Clamping from [x=10.088687, y=-0.000512])";"30";"turtlesim1.sim";"1695976427.878336906";"./src/turtle.cpp:update:260"
"Oh no! I hit the wall! (Clamping from [x=10.024695, y=-0.000512])";"30";"turtlesim3.sim";"1695976427.878291607";"./src/turtle.cpp:update:260"
"Oh no! I hit the wall! (Clamping from [x=10.056691, y=-0.000512])";"30";"turtlesim2.sim";"1695976427.877271969";"./src/turtle.cpp:update:260"
"Oh no! I hit the wall! (Clamping from [x=9.992699, y=-0.000512])";"30";"turtlesim3.sim";"1695976427.862158269";"./src/turtle.cpp:update:260"
"Oh no! I hit the wall! (Clamping from [x=10.056691, y=-0.000512])";"30";"turtlesim1.sim";"1695976427.861838379";"./src/turtle.cpp:update:260"
"Oh no! I hit the wall! (Clamping from [x=10.024695, y=-0.000512])";"30";"turtlesim2.sim";"1695976427.861586881";"./src/turtle.cpp:update:260"
"Oh no! I hit the wall! (Clamping from [x=10.024695, y=-0.000512])";"30";"turtlesim1.sim";"1695976427.846477501";"./src/turtle.cpp:update:260"
"Oh no! I hit the wall! (Clamping from [x=9.960703, y=-0.000512])";"30";"turtlesim3.sim";"1695976427.846014652";"./src/turtle.cpp:update:260"
"Oh no! I hit the wall! (Clamping from [x=9.992699, y=-0.000512])";"30";"turtlesim2.sim";"1695976427.845392358";"./src/turtle.cpp:update:260"
"Oh no! I hit the wall! (Clamping from [x=9.928707, y=-0.000512])";"30";"turtlesim3.sim";"1695976427.830807653";"./src/turtle.cpp:update:260"
"Oh no! I hit the wall! (Clamping from [x=9.960703, y=-0.000512])";"30";"turtlesim2.sim";"1695976427.830138463";"./src/turtle.cpp:update:260"
"Oh no! I hit the wall! (Clamping from [x=9.992699, y=-0.000512])";"30";"turtlesim1.sim";"1695976427.829940236";"./src/turtle.cpp:update:260"
"Oh no! I hit the wall! (Clamping from [x=9.896711, y=-0.000512])";"30";"turtlesim3.sim";"1695976427.814558177";"./src/turtle.cpp:update:260"
"Oh no! I hit the wall! (Clamping from [x=9.960703, y=-0.000512])";"30";"turtlesim1.sim";"1695976427.814432476";"./src/turtle.cpp:update:260"
"Oh no! I hit the wall! (Clamping from [x=9.928707, y=-0.000512])";"30";"turtlesim2.sim";"1695976427.813608969";"./src/turtle.cpp:update:260"
"Oh no! I hit the wall! (Clamping from [x=9.928707, y=-0.000512])";"30";"turtlesim1.sim";"1695976427.798209876";"./src/turtle.cpp:update:260"
"Oh no! I hit the wall! (Clamping from [x=9.864715, y=-0.000512])";"30";"turtlesim3.sim";"1695976427.797991261";"./src/turtle.cpp:update:260"
"Oh no! I hit the wall! (Clamping from [x=9.896711, y=-0.000512])";"30";"turtlesim2.sim";"1695976427.797222930";"./src/turtle.cpp:update:260"
"Oh no! I hit the wall! (Clamping from [x=9.896711, y=-0.000512])";"30";"turtlesim1.sim";"1695976427.782095207";"./src/turtle.cpp:update:260"
"Oh no! I hit the wall! (Clamping from [x=9.832720, y=-0.000512])";"30";"turtlesim3.sim";"1695976427.781783403";"./src/turtle.cpp:update:260"
"Oh no! I hit the wall! (Clamping from [x=9.864715, y=-0.000512])";"30";"turtlesim2.sim";"1695976427.780985606";"./src/turtle.cpp:update:260"
"Oh no! I hit the wall! (Clamping from [x=9.864715, y=-0.000512])";"30";"turtlesim1.sim";"1695976427.765787814";"./src/turtle.cpp:update:260"
"Oh no! I hit the wall! (Clamping from [x=9.800724, y=-0.000512])";"30";"turtlesim3.sim";"1695976427.765718324";"./src/turtle.cpp:update:260"
"Oh no! I hit the wall! (Clamping from [x=9.832720, y=-0.000512])";"30";"turtlesim2.sim";"1695976427.764943680";"./src/turtle.cpp:update:260"
"Oh no! I hit the wall! (Clamping from [x=9.832720, y=-0.000512])";"30";"turtlesim1.sim";"1695976427.749625280";"./src/turtle.cpp:update:260"
"Oh no! I hit the wall! (Clamping from [x=9.768728, y=-0.000512])";"30";"turtlesim3.sim";"1695976427.749555521";"./src/turtle.cpp:update:260"
"Oh no! I hit the wall! (Clamping from [x=9.800724, y=-0.000512])";"30";"turtlesim2.sim";"1695976427.748917854";"./src/turtle.cpp:update:260"
"Oh no! I hit the wall! (Clamping from [x=9.736732, y=-0.000512])";"30";"turtlesim3.sim";"1695976427.734525653";"./src/turtle.cpp:update:260"
"Oh no! I hit the wall! (Clamping from [x=9.800724, y=-0.000512])";"30";"turtlesim1.sim";"1695976427.734340795";"./src/turtle.cpp:update:260"
"Oh no! I hit the wall! (Clamping from [x=9.768728, y=-0.000512])";"30";"turtlesim2.sim";"1695976427.733729990";"./src/turtle.cpp:update:260"
"Oh no! I hit the wall! (Clamping from [x=9.768728, y=-0.000512])";"30";"turtlesim1.sim";"1695976427.718402520";"./src/turtle.cpp:update:260"
"Oh no! I hit the wall! (Clamping from [x=9.704736, y=-0.000512])";"30";"turtlesim3.sim";"1695976427.718233276";"./src/turtle.cpp:update:260"
"Oh no! I hit the wall! (Clamping from [x=9.736732, y=-0.000512])";"30";"turtlesim2.sim";"1695976427.717474514";"./src/turtle.cpp:update:260"
"Oh no! I hit the wall! (Clamping from [x=9.736732, y=-0.000512])";"30";"turtlesim1.sim";"1695976427.702447977";"./src/turtle.cpp:update:260"
"Oh no! I hit the wall! (Clamping from [x=9.672740, y=-0.000512])";"30";"turtlesim3.sim";"1695976427.702302369";"./src/turtle.cpp:update:260"
"Oh no! I hit the wall! (Clamping from [x=9.704736, y=-0.000512])";"30";"turtlesim2.sim";"1695976427.701076710";"./src/turtle.cpp:update:260"
"Oh no! I hit the wall! (Clamping from [x=9.704736, y=-0.000512])";"30";"turtlesim1.sim";"1695976427.686476283";"./src/turtle.cpp:update:260"
"Oh no! I hit the wall! (Clamping from [x=9.640744, y=-0.000512])";"30";"turtlesim3.sim";"1695976427.685547045";"./src/turtle.cpp:update:260"
"Oh no! I hit the wall! (Clamping from [x=9.672740, y=-0.000512])";"30";"turtlesim2.sim";"1695976427.684830230";"./src/turtle.cpp:update:260"
"Oh no! I hit the wall! (Clamping from [x=9.608748, y=-0.000512])";"30";"turtlesim3.sim";"1695976427.670366633";"./src/turtle.cpp:update:260"
"Oh no! I hit the wall! (Clamping from [x=9.672740, y=-0.000512])";"30";"turtlesim1.sim";"1695976427.670235096";"./src/turtle.cpp:update:260"
"Oh no! I hit the wall! (Clamping from [x=9.640744, y=-0.000512])";"30";"turtlesim2.sim";"1695976427.669396379";"./src/turtle.cpp:update:260"
"Oh no! I hit the wall! (Clamping from [x=9.640744, y=-0.000512])";"30";"turtlesim1.sim";"1695976427.654390001";"./src/turtle.cpp:update:260"
"Oh no! I hit the wall! (Clamping from [x=9.576752, y=-0.000512])";"30";"turtlesim3.sim";"1695976427.654144570";"./src/turtle.cpp:update:260"
"Oh no! I hit the wall! (Clamping from [x=9.608748, y=-0.000512])";"30";"turtlesim2.sim";"1695976427.653430060";"./src/turtle.cpp:update:260"
"Oh no! I hit the wall! (Clamping from [x=9.608748, y=-0.000512])";"30";"turtlesim1.sim";"1695976427.638350418";"./src/turtle.cpp:update:260"
"Oh no! I hit the wall! (Clamping from [x=9.544756, y=-0.000512])";"30";"turtlesim3.sim";"1695976427.637989292";"./src/turtle.cpp:update:260"
"Oh no! I hit the wall! (Clamping from [x=9.576752, y=-0.000512])";"30";"turtlesim2.sim";"1695976427.637193263";"./src/turtle.cpp:update:260"
"Oh no! I hit the wall! (Clamping from [x=9.576752, y=-0.000512])";"30";"turtlesim1.sim";"1695976427.622249183";"./src/turtle.cpp:update:260"
"Oh no! I hit the wall! (Clamping from [x=9.512761, y=-0.000512])";"30";"turtlesim3.sim";"1695976427.621899793";"./src/turtle.cpp:update:260"
"Oh no! I hit the wall! (Clamping from [x=9.544756, y=-0.000512])";"30";"turtlesim2.sim";"1695976427.621142337";"./src/turtle.cpp:update:260"
"Oh no! I hit the wall! (Clamping from [x=9.544756, y=-0.000512])";"30";"turtlesim1.sim";"1695976427.606157511";"./src/turtle.cpp:update:260"
"Oh no! I hit the wall! (Clamping from [x=9.480765, y=-0.000512])";"30";"turtlesim3.sim";"1695976427.605793079";"./src/turtle.cpp:update:260"
"Oh no! I hit the wall! (Clamping from [x=9.512761, y=-0.000512])";"30";"turtlesim2.sim";"1695976427.604911470";"./src/turtle.cpp:update:260"
"Oh no! I hit the wall! (Clamping from [x=9.512761, y=-0.000512])";"30";"turtlesim1.sim";"1695976427.589810910";"./src/turtle.cpp:update:260"
"Oh no! I hit the wall! (Clamping from [x=9.448769, y=-0.000512])";"30";"turtlesim3.sim";"1695976427.589599126";"./src/turtle.cpp:update:260"
"Oh no! I hit the wall! (Clamping from [x=9.480765, y=-0.000512])";"30";"turtlesim2.sim";"1695976427.588731345";"./src/turtle.cpp:update:260"
"Oh no! I hit the wall! (Clamping from [x=9.416773, y=-0.000512])";"30";"turtlesim3.sim";"1695976427.574411393";"./src/turtle.cpp:update:260"
"Oh no! I hit the wall! (Clamping from [x=9.480765, y=-0.000512])";"30";"turtlesim1.sim";"1695976427.573761863";"./src/turtle.cpp:update:260"
"Oh no! I hit the wall! (Clamping from [x=9.448769, y=-0.000512])";"30";"turtlesim2.sim";"1695976427.573444859";"./src/turtle.cpp:update:260"
"Oh no! I hit the wall! (Clamping from [x=9.384777, y=-0.000512])";"30";"turtlesim3.sim";"1695976427.558073793";"./src/turtle.cpp:update:260"
"Oh no! I hit the wall! (Clamping from [x=9.448769, y=-0.000512])";"30";"turtlesim1.sim";"1695976427.557740266";"./src/turtle.cpp:update:260"
"Oh no! I hit the wall! (Clamping from [x=9.416773, y=-0.000512])";"30";"turtlesim2.sim";"1695976427.557238084";"./src/turtle.cpp:update:260"
"Oh no! I hit the wall! (Clamping from [x=9.416773, y=-0.000512])";"30";"turtlesim1.sim";"1695976427.542540750";"./src/turtle.cpp:update:260"
"Oh no! I hit the wall! (Clamping from [x=9.352781, y=-0.000512])";"30";"turtlesim3.sim";"1695976427.541734819";"./src/turtle.cpp:update:260"
"Oh no! I hit the wall! (Clamping from [x=9.384777, y=-0.000512])";"30";"turtlesim2.sim";"1695976427.541049292";"./src/turtle.cpp:update:260"
"Oh no! I hit the wall! (Clamping from [x=9.384777, y=-0.000512])";"30";"turtlesim1.sim";"1695976427.526168595";"./src/turtle.cpp:update:260"
"Oh no! I hit the wall! (Clamping from [x=9.320785, y=-0.000512])";"30";"turtlesim3.sim";"1695976427.525764908";"./src/turtle.cpp:update:260"
"Oh no! I hit the wall! (Clamping from [x=9.352781, y=-0.000512])";"30";"turtlesim2.sim";"1695976427.524793034";"./src/turtle.cpp:update:260"
"Oh no! I hit the wall! (Clamping from [x=9.288789, y=-0.000512])";"30";"turtlesim3.sim";"1695976427.510811043";"./src/turtle.cpp:update:260"
"Oh no! I hit the wall! (Clamping from [x=9.352781, y=-0.000512])";"30";"turtlesim1.sim";"1695976427.509991921";"./src/turtle.cpp:update:260"
"Oh no! I hit the wall! (Clamping from [x=9.320785, y=-0.000512])";"30";"turtlesim2.sim";"1695976427.509255815";"./src/turtle.cpp:update:260"
"Oh no! I hit the wall! (Clamping from [x=9.256793, y=-0.000512])";"30";"turtlesim3.sim";"1695976427.494465767";"./src/turtle.cpp:update:260"
"Oh no! I hit the wall! (Clamping from [x=9.320785, y=-0.000512])";"30";"turtlesim1.sim";"1695976427.493912103";"./src/turtle.cpp:update:260"
"Oh no! I hit the wall! (Clamping from [x=9.288789, y=-0.000512])";"30";"turtlesim2.sim";"1695976427.493658772";"./src/turtle.cpp:update:260"
"Oh no! I hit the wall! (Clamping from [x=9.224797, y=-0.000512])";"30";"turtlesim3.sim";"1695976427.478033197";"./src/turtle.cpp:update:260"
"Oh no! I hit the wall! (Clamping from [x=9.288789, y=-0.000512])";"30";"turtlesim1.sim";"1695976427.477938040";"./src/turtle.cpp:update:260"
"Oh no! I hit the wall! (Clamping from [x=9.256793, y=-0.000512])";"30";"turtlesim2.sim";"1695976427.477352121";"./src/turtle.cpp:update:260"
"Oh no! I hit the wall! (Clamping from [x=9.192801, y=-0.000512])";"30";"turtlesim3.sim";"1695976427.462883935";"./src/turtle.cpp:update:260"
"Oh no! I hit the wall! (Clamping from [x=9.224797, y=-0.000512])";"30";"turtlesim2.sim";"1695976427.461661793";"./src/turtle.cpp:update:260"
"Oh no! I hit the wall! (Clamping from [x=9.256793, y=-0.000512])";"30";"turtlesim1.sim";"1695976427.461645729";"./src/turtle.cpp:update:260"
"Oh no! I hit the wall! (Clamping from [x=9.160806, y=-0.000512])";"30";"turtlesim3.sim";"1695976427.446301686";"./src/turtle.cpp:update:260"
"Oh no! I hit the wall! (Clamping from [x=9.224797, y=-0.000512])";"30";"turtlesim1.sim";"1695976427.445715132";"./src/turtle.cpp:update:260"
"Oh no! I hit the wall! (Clamping from [x=9.192801, y=-0.000512])";"30";"turtlesim2.sim";"1695976427.444997976";"./src/turtle.cpp:update:260"
"Oh no! I hit the wall! (Clamping from [x=9.128810, y=-0.000512])";"30";"turtlesim3.sim";"1695976427.430192184";"./src/turtle.cpp:update:260"
"Oh no! I hit the wall! (Clamping from [x=9.192801, y=-0.000512])";"30";"turtlesim1.sim";"1695976427.429671242";"./src/turtle.cpp:update:260"
"Oh no! I hit the wall! (Clamping from [x=9.160806, y=-0.000512])";"30";"turtlesim2.sim";"1695976427.429578813";"./src/turtle.cpp:update:260"
"Oh no! I hit the wall! (Clamping from [x=9.096814, y=-0.000512])";"30";"turtlesim3.sim";"1695976427.414467723";"./src/turtle.cpp:update:260"
"Oh no! I hit the wall! (Clamping from [x=9.160806, y=-0.000512])";"30";"turtlesim1.sim";"1695976427.413691752";"./src/turtle.cpp:update:260"
"Oh no! I hit the wall! (Clamping from [x=9.128810, y=-0.000512])";"30";"turtlesim2.sim";"1695976427.413157796";"./src/turtle.cpp:update:260"
"Oh no! I hit the wall! (Clamping from [x=9.128810, y=-0.000512])";"30";"turtlesim1.sim";"1695976427.398461650";"./src/turtle.cpp:update:260"
"Oh no! I hit the wall! (Clamping from [x=9.064818, y=-0.000512])";"30";"turtlesim3.sim";"1695976427.398020377";"./src/turtle.cpp:update:260"
"Oh no! I hit the wall! (Clamping from [x=9.096814, y=-0.000512])";"30";"turtlesim2.sim";"1695976427.397722717";"./src/turtle.cpp:update:260"
"Oh no! I hit the wall! (Clamping from [x=9.032822, y=-0.000512])";"30";"turtlesim3.sim";"1695976427.382489890";"./src/turtle.cpp:update:260"
"Oh no! I hit the wall! (Clamping from [x=9.096814, y=-0.000512])";"30";"turtlesim1.sim";"1695976427.382333554";"./src/turtle.cpp:update:260"
"Oh no! I hit the wall! (Clamping from [x=9.064818, y=-0.000512])";"30";"turtlesim2.sim";"1695976427.381299178";"./src/turtle.cpp:update:260"
"Oh no! I hit the wall! (Clamping from [x=9.000826, y=-0.000512])";"30";"turtlesim3.sim";"1695976427.366314735";"./src/turtle.cpp:update:260"
"Oh no! I hit the wall! (Clamping from [x=9.064818, y=-0.000512])";"30";"turtlesim1.sim";"1695976427.366290024";"./src/turtle.cpp:update:260"
"Oh no! I hit the wall! (Clamping from [x=9.032822, y=-0.000512])";"30";"turtlesim2.sim";"1695976427.365497951";"./src/turtle.cpp:update:260"
"Oh no! I hit the wall! (Clamping from [x=8.968830, y=-0.000512])";"30";"turtlesim3.sim";"1695976427.350315437";"./src/turtle.cpp:update:260"
"Oh no! I hit the wall! (Clamping from [x=9.032822, y=-0.000512])";"30";"turtlesim1.sim";"1695976427.350338086";"./src/turtle.cpp:update:260"
"Oh no! I hit the wall! (Clamping from [x=9.000826, y=-0.000512])";"30";"turtlesim2.sim";"1695976427.349323907";"./src/turtle.cpp:update:260"
"Oh no! I hit the wall! (Clamping from [x=8.936834, y=-0.000512])";"30";"turtlesim3.sim";"1695976427.334348193";"./src/turtle.cpp:update:260"
"Oh no! I hit the wall! (Clamping from [x=9.000826, y=-0.000512])";"30";"turtlesim1.sim";"1695976427.334021258";"./src/turtle.cpp:update:260"
"Oh no! I hit the wall! (Clamping from [x=8.968830, y=-0.000512])";"30";"turtlesim2.sim";"1695976427.333293061";"./src/turtle.cpp:update:260"
"Oh no! I hit the wall! (Clamping from [x=8.968830, y=-0.000512])";"30";"turtlesim1.sim";"1695976427.317880202";"./src/turtle.cpp:update:260"
"Oh no! I hit the wall! (Clamping from [x=8.904838, y=-0.000512])";"30";"turtlesim3.sim";"1695976427.317797292";"./src/turtle.cpp:update:260"
"Oh no! I hit the wall! (Clamping from [x=8.936834, y=-0.000512])";"30";"turtlesim2.sim";"1695976427.317426384";"./src/turtle.cpp:update:260"
"Oh no! I hit the wall! (Clamping from [x=8.872842, y=-0.000512])";"30";"turtlesim3.sim";"1695976427.302481728";"./src/turtle.cpp:update:260"
"Oh no! I hit the wall! (Clamping from [x=8.936834, y=-0.000512])";"30";"turtlesim1.sim";"1695976427.301826263";"./src/turtle.cpp:update:260"
"Oh no! I hit the wall! (Clamping from [x=8.904838, y=-0.000512])";"30";"turtlesim2.sim";"1695976427.301212756";"./src/turtle.cpp:update:260"
"Oh no! I hit the wall! (Clamping from [x=8.904838, y=-0.000512])";"30";"turtlesim1.sim";"1695976427.286526159";"./src/turtle.cpp:update:260"
"Oh no! I hit the wall! (Clamping from [x=8.840847, y=-0.000512])";"30";"turtlesim3.sim";"1695976427.285825510";"./src/turtle.cpp:update:260"
"Oh no! I hit the wall! (Clamping from [x=8.872842, y=-0.000512])";"30";"turtlesim2.sim";"1695976427.285488517";"./src/turtle.cpp:update:260"
"Oh no! I hit the wall! (Clamping from [x=8.872842, y=-0.000512])";"30";"turtlesim1.sim";"1695976427.269963806";"./src/turtle.cpp:update:260"
"Oh no! I hit the wall! (Clamping from [x=8.808851, y=-0.000512])";"30";"turtlesim3.sim";"1695976427.269916483";"./src/turtle.cpp:update:260"
"Oh no! I hit the wall! (Clamping from [x=8.840847, y=-0.000512])";"30";"turtlesim2.sim";"1695976427.269133262";"./src/turtle.cpp:update:260"
"Oh no! I hit the wall! (Clamping from [x=8.840847, y=-0.000512])";"30";"turtlesim1.sim";"1695976427.253764133";"./src/turtle.cpp:update:260"
"Oh no! I hit the wall! (Clamping from [x=8.776855, y=-0.000512])";"30";"turtlesim3.sim";"1695976427.253748198";"./src/turtle.cpp:update:260"
"Oh no! I hit the wall! (Clamping from [x=8.808851, y=-0.000512])";"30";"turtlesim2.sim";"1695976427.252767904";"./src/turtle.cpp:update:260"
"Oh no! I hit the wall! (Clamping from [x=8.808851, y=-0.000512])";"30";"turtlesim1.sim";"1695976427.238655163";"./src/turtle.cpp:update:260"
"Oh no! I hit the wall! (Clamping from [x=8.744859, y=-0.000512])";"30";"turtlesim3.sim";"1695976427.238401617";"./src/turtle.cpp:update:260"
"Oh no! I hit the wall! (Clamping from [x=8.776855, y=-0.000512])";"30";"turtlesim2.sim";"1695976427.237465239";"./src/turtle.cpp:update:260"
"Oh no! I hit the wall! (Clamping from [x=8.712863, y=-0.000512])";"30";"turtlesim3.sim";"1695976427.222556860";"./src/turtle.cpp:update:260"
"Oh no! I hit the wall! (Clamping from [x=8.776855, y=-0.000512])";"30";"turtlesim1.sim";"1695976427.222335821";"./src/turtle.cpp:update:260"
"Oh no! I hit the wall! (Clamping from [x=8.744859, y=-0.000512])";"30";"turtlesim2.sim";"1695976427.221564647";"./src/turtle.cpp:update:260"
"Oh no! I hit the wall! (Clamping from [x=8.680867, y=-0.000512])";"30";"turtlesim3.sim";"1695976427.206791782";"./src/turtle.cpp:update:260"
"Oh no! I hit the wall! (Clamping from [x=8.744859, y=-0.000512])";"30";"turtlesim1.sim";"1695976427.205947826";"./src/turtle.cpp:update:260"
"Oh no! I hit the wall! (Clamping from [x=8.712863, y=-0.000512])";"30";"turtlesim2.sim";"1695976427.205532630";"./src/turtle.cpp:update:260"
"Oh no! I hit the wall! (Clamping from [x=8.712863, y=-0.000512])";"30";"turtlesim1.sim";"1695976427.190657314";"./src/turtle.cpp:update:260"
"Oh no! I hit the wall! (Clamping from [x=8.648871, y=-0.000512])";"30";"turtlesim3.sim";"1695976427.190330992";"./src/turtle.cpp:update:260"
"Oh no! I hit the wall! (Clamping from [x=8.680867, y=-0.000512])";"30";"turtlesim2.sim";"1695976427.189238521";"./src/turtle.cpp:update:260"
"Oh no! I hit the wall! (Clamping from [x=8.680867, y=-0.000512])";"30";"turtlesim1.sim";"1695976427.174451058";"./src/turtle.cpp:update:260"
"Oh no! I hit the wall! (Clamping from [x=8.616875, y=-0.000512])";"30";"turtlesim3.sim";"1695976427.174279267";"./src/turtle.cpp:update:260"
"Oh no! I hit the wall! (Clamping from [x=8.648871, y=-0.000512])";"30";"turtlesim2.sim";"1695976427.172819043";"./src/turtle.cpp:update:260"
"Oh no! I hit the wall! (Clamping from [x=8.648871, y=-0.000512])";"30";"turtlesim1.sim";"1695976427.158022213";"./src/turtle.cpp:update:260"
"Oh no! I hit the wall! (Clamping from [x=8.584879, y=-0.000512])";"30";"turtlesim3.sim";"1695976427.158017048";"./src/turtle.cpp:update:260"
"Oh no! I hit the wall! (Clamping from [x=8.616875, y=-0.000512])";"30";"turtlesim2.sim";"1695976427.156678868";"./src/turtle.cpp:update:260"
"Oh no! I hit the wall! (Clamping from [x=8.552883, y=-0.000512])";"30";"turtlesim3.sim";"1695976427.143343944";"./src/turtle.cpp:update:260"
"Oh no! I hit the wall! (Clamping from [x=8.616875, y=-0.000512])";"30";"turtlesim1.sim";"1695976427.141649205";"./src/turtle.cpp:update:260"
"Oh no! I hit the wall! (Clamping from [x=8.584879, y=-0.000512])";"30";"turtlesim2.sim";"1695976427.140815315";"./src/turtle.cpp:update:260"
"Oh no! I hit the wall! (Clamping from [x=8.520888, y=-0.000512])";"30";"turtlesim3.sim";"1695976427.127077177";"./src/turtle.cpp:update:260"
"Oh no! I hit the wall! (Clamping from [x=8.584879, y=-0.000512])";"30";"turtlesim1.sim";"1695976427.125777399";"./src/turtle.cpp:update:260"
"Oh no! I hit the wall! (Clamping from [x=8.552883, y=-0.000512])";"30";"turtlesim2.sim";"1695976427.125303004";"./src/turtle.cpp:update:260"
"Oh no! I hit the wall! (Clamping from [x=8.552883, y=-0.000512])";"30";"turtlesim1.sim";"1695976427.110371245";"./src/turtle.cpp:update:260"
"Oh no! I hit the wall! (Clamping from [x=8.520888, y=-0.000512])";"30";"turtlesim2.sim";"1695976427.109534701";"./src/turtle.cpp:update:260"
"Oh no! I hit the wall! (Clamping from [x=8.520888, y=-0.000512])";"30";"turtlesim1.sim";"1695976427.094238363";"./src/turtle.cpp:update:260"
"Oh no! I hit the wall! (Clamping from [x=8.488892, y=-0.031994])";"30";"turtlesim3.sim";"1695976423.989952080";"./src/turtle.cpp:update:260"
"Oh no! I hit the wall! (Clamping from [x=8.488290, y=-0.031994])";"30";"turtlesim3.sim";"1695976423.974421780";"./src/turtle.cpp:update:260"
"Oh no! I hit the wall! (Clamping from [x=8.488892, y=-0.031994])";"30";"turtlesim2.sim";"1695976423.973566856";"./src/turtle.cpp:update:260"
"Oh no! I hit the wall! (Clamping from [x=8.487689, y=-0.031994])";"30";"turtlesim3.sim";"1695976423.958338772";"./src/turtle.cpp:update:260"
"Oh no! I hit the wall! (Clamping from [x=8.488892, y=-0.031994])";"30";"turtlesim1.sim";"1695976423.957621452";"./src/turtle.cpp:update:260"
"Oh no! I hit the wall! (Clamping from [x=8.488290, y=-0.031994])";"30";"turtlesim2.sim";"1695976423.957331843";"./src/turtle.cpp:update:260"
"Oh no! I hit the wall! (Clamping from [x=8.487087, y=-0.031994])";"30";"turtlesim3.sim";"1695976423.942314738";"./src/turtle.cpp:update:260"
"Oh no! I hit the wall! (Clamping from [x=8.488290, y=-0.031994])";"30";"turtlesim1.sim";"1695976423.941594514";"./src/turtle.cpp:update:260"
"Oh no! I hit the wall! (Clamping from [x=8.487689, y=-0.031994])";"30";"turtlesim2.sim";"1695976423.941020981";"./src/turtle.cpp:update:260"
"Oh no! I hit the wall! (Clamping from [x=8.486486, y=-0.031994])";"30";"turtlesim3.sim";"1695976423.926438724";"./src/turtle.cpp:update:260"
"Oh no! I hit the wall! (Clamping from [x=8.487689, y=-0.031994])";"30";"turtlesim1.sim";"1695976423.925566985";"./src/turtle.cpp:update:260"
"Oh no! I hit the wall! (Clamping from [x=8.487087, y=-0.031994])";"30";"turtlesim2.sim";"1695976423.924750356";"./src/turtle.cpp:update:260"
"Oh no! I hit the wall! (Clamping from [x=8.487087, y=-0.031994])";"30";"turtlesim1.sim";"1695976423.909584554";"./src/turtle.cpp:update:260"
"Oh no! I hit the wall! (Clamping from [x=8.485884, y=-0.031994])";"30";"turtlesim3.sim";"1695976423.909520646";"./src/turtle.cpp:update:260"
"Oh no! I hit the wall! (Clamping from [x=8.486486, y=-0.031994])";"30";"turtlesim2.sim";"1695976423.908760430";"./src/turtle.cpp:update:260"
"Oh no! I hit the wall! (Clamping from [x=8.485283, y=-0.031994])";"30";"turtlesim3.sim";"1695976423.894474186";"./src/turtle.cpp:update:260"
"Oh no! I hit the wall! (Clamping from [x=8.486486, y=-0.031994])";"30";"turtlesim1.sim";"1695976423.894461969";"./src/turtle.cpp:update:260"
"Oh no! I hit the wall! (Clamping from [x=8.485884, y=-0.031994])";"30";"turtlesim2.sim";"1695976423.893435968";"./src/turtle.cpp:update:260"
"Oh no! I hit the wall! (Clamping from [x=8.485884, y=-0.031994])";"30";"turtlesim1.sim";"1695976423.878717678";"./src/turtle.cpp:update:260"
"Oh no! I hit the wall! (Clamping from [x=8.484681, y=-0.031994])";"30";"turtlesim3.sim";"1695976423.878502443";"./src/turtle.cpp:update:260"
"Oh no! I hit the wall! (Clamping from [x=8.485283, y=-0.031994])";"30";"turtlesim2.sim";"1695976423.877894342";"./src/turtle.cpp:update:260"
"Oh no! I hit the wall! (Clamping from [x=8.485283, y=-0.031994])";"30";"turtlesim1.sim";"1695976423.862530955";"./src/turtle.cpp:update:260"
"Oh no! I hit the wall! (Clamping from [x=8.484080, y=-0.031994])";"30";"turtlesim3.sim";"1695976423.862040450";"./src/turtle.cpp:update:260"
"Oh no! I hit the wall! (Clamping from [x=8.484681, y=-0.031994])";"30";"turtlesim2.sim";"1695976423.861114809";"./src/turtle.cpp:update:260"
"Oh no! I hit the wall! (Clamping from [x=8.483479, y=-0.031994])";"30";"turtlesim3.sim";"1695976423.846624338";"./src/turtle.cpp:update:260"
"Oh no! I hit the wall! (Clamping from [x=8.484681, y=-0.031994])";"30";"turtlesim1.sim";"1695976423.846499315";"./src/turtle.cpp:update:260"
"Oh no! I hit the wall! (Clamping from [x=8.484080, y=-0.031994])";"30";"turtlesim2.sim";"1695976423.845644590";"./src/turtle.cpp:update:260"
"Oh no! I hit the wall! (Clamping from [x=8.482877, y=-0.031994])";"30";"turtlesim3.sim";"1695976423.830256904";"./src/turtle.cpp:update:260"
"Oh no! I hit the wall! (Clamping from [x=8.484080, y=-0.031994])";"30";"turtlesim1.sim";"1695976423.830214095";"./src/turtle.cpp:update:260"
"Oh no! I hit the wall! (Clamping from [x=8.483479, y=-0.031994])";"30";"turtlesim2.sim";"1695976423.830004026";"./src/turtle.cpp:update:260"
"Oh no! I hit the wall! (Clamping from [x=8.483479, y=-0.031994])";"30";"turtlesim1.sim";"1695976423.814379331";"./src/turtle.cpp:update:260"
"Oh no! I hit the wall! (Clamping from [x=8.482276, y=-0.031994])";"30";"turtlesim3.sim";"1695976423.813992496";"./src/turtle.cpp:update:260"
"Oh no! I hit the wall! (Clamping from [x=8.482877, y=-0.031994])";"30";"turtlesim2.sim";"1695976423.813262742";"./src/turtle.cpp:update:260"
"Oh no! I hit the wall! (Clamping from [x=8.482877, y=-0.031994])";"30";"turtlesim1.sim";"1695976423.798335138";"./src/turtle.cpp:update:260"
"Oh no! I hit the wall! (Clamping from [x=8.481674, y=-0.031994])";"30";"turtlesim3.sim";"1695976423.798046667";"./src/turtle.cpp:update:260"
"Oh no! I hit the wall! (Clamping from [x=8.482276, y=-0.031994])";"30";"turtlesim2.sim";"1695976423.796987249";"./src/turtle.cpp:update:260"
"Oh no! I hit the wall! (Clamping from [x=8.482276, y=-0.031994])";"30";"turtlesim1.sim";"1695976423.782278018";"./src/turtle.cpp:update:260"
"Oh no! I hit the wall! (Clamping from [x=8.481073, y=-0.031994])";"30";"turtlesim3.sim";"1695976423.781875744";"./src/turtle.cpp:update:260"
"Oh no! I hit the wall! (Clamping from [x=8.481674, y=-0.031994])";"30";"turtlesim2.sim";"1695976423.781407340";"./src/turtle.cpp:update:260"
"Oh no! I hit the wall! (Clamping from [x=8.480471, y=-0.031994])";"30";"turtlesim3.sim";"1695976423.766403722";"./src/turtle.cpp:update:260"
"Oh no! I hit the wall! (Clamping from [x=8.481674, y=-0.031994])";"30";"turtlesim1.sim";"1695976423.765987346";"./src/turtle.cpp:update:260"
"Oh no! I hit the wall! (Clamping from [x=8.481073, y=-0.031994])";"30";"turtlesim2.sim";"1695976423.765068341";"./src/turtle.cpp:update:260"
"Oh no! I hit the wall! (Clamping from [x=8.479870, y=-0.031994])";"30";"turtlesim3.sim";"1695976423.750150526";"./src/turtle.cpp:update:260"
"Oh no! I hit the wall! (Clamping from [x=8.481073, y=-0.031994])";"30";"turtlesim1.sim";"1695976423.750051024";"./src/turtle.cpp:update:260"
"Oh no! I hit the wall! (Clamping from [x=8.480471, y=-0.031994])";"30";"turtlesim2.sim";"1695976423.749632334";"./src/turtle.cpp:update:260"
"Oh no! I hit the wall! (Clamping from [x=8.480471, y=-0.031994])";"30";"turtlesim1.sim";"1695976423.734520733";"./src/turtle.cpp:update:260"
"Oh no! I hit the wall! (Clamping from [x=8.479268, y=-0.031994])";"30";"turtlesim3.sim";"1695976423.734066105";"./src/turtle.cpp:update:260"
"Oh no! I hit the wall! (Clamping from [x=8.479870, y=-0.031994])";"30";"turtlesim2.sim";"1695976423.733314590";"./src/turtle.cpp:update:260"
"Oh no! I hit the wall! (Clamping from [x=8.479870, y=-0.031994])";"30";"turtlesim1.sim";"1695976423.718171947";"./src/turtle.cpp:update:260"
"Oh no! I hit the wall! (Clamping from [x=8.478667, y=-0.031994])";"30";"turtlesim3.sim";"1695976423.717855572";"./src/turtle.cpp:update:260"
"Oh no! I hit the wall! (Clamping from [x=8.479268, y=-0.031994])";"30";"turtlesim2.sim";"1695976423.717219760";"./src/turtle.cpp:update:260"
"Oh no! I hit the wall! (Clamping from [x=8.479268, y=-0.031994])";"30";"turtlesim1.sim";"1695976423.702177571";"./src/turtle.cpp:update:260"
"Oh no! I hit the wall! (Clamping from [x=8.478066, y=-0.031994])";"30";"turtlesim3.sim";"1695976423.701833404";"./src/turtle.cpp:update:260"
"Oh no! I hit the wall! (Clamping from [x=8.478667, y=-0.031994])";"30";"turtlesim2.sim";"1695976423.700965557";"./src/turtle.cpp:update:260"
"Oh no! I hit the wall! (Clamping from [x=8.478667, y=-0.031994])";"30";"turtlesim1.sim";"1695976423.685702698";"./src/turtle.cpp:update:260"
"Oh no! I hit the wall! (Clamping from [x=8.477464, y=-0.031994])";"30";"turtlesim3.sim";"1695976423.685703042";"./src/turtle.cpp:update:260"
"Oh no! I hit the wall! (Clamping from [x=8.478066, y=-0.031994])";"30";"turtlesim2.sim";"1695976423.685316158";"./src/turtle.cpp:update:260"
"Oh no! I hit the wall! (Clamping from [x=8.476863, y=-0.031994])";"30";"turtlesim3.sim";"1695976423.670447273";"./src/turtle.cpp:update:260"
"Oh no! I hit the wall! (Clamping from [x=8.478066, y=-0.031994])";"30";"turtlesim1.sim";"1695976423.670235744";"./src/turtle.cpp:update:260"
"Oh no! I hit the wall! (Clamping from [x=8.477464, y=-0.031994])";"30";"turtlesim2.sim";"1695976423.669596707";"./src/turtle.cpp:update:260"
"Oh no! I hit the wall! (Clamping from [x=8.476261, y=-0.031994])";"30";"turtlesim3.sim";"1695976423.654135061";"./src/turtle.cpp:update:260"
"Oh no! I hit the wall! (Clamping from [x=8.477464, y=-0.031994])";"30";"turtlesim1.sim";"1695976423.653975261";"./src/turtle.cpp:update:260"
"Oh no! I hit the wall! (Clamping from [x=8.476863, y=-0.031994])";"30";"turtlesim2.sim";"1695976423.653112172";"./src/turtle.cpp:update:260"
"Oh no! I hit the wall! (Clamping from [x=8.475660, y=-0.031994])";"30";"turtlesim3.sim";"1695976423.638484718";"./src/turtle.cpp:update:260"
"Oh no! I hit the wall! (Clamping from [x=8.476863, y=-0.031994])";"30";"turtlesim1.sim";"1695976423.637641716";"./src/turtle.cpp:update:260"
"Oh no! I hit the wall! (Clamping from [x=8.476261, y=-0.031994])";"30";"turtlesim2.sim";"1695976423.637627131";"./src/turtle.cpp:update:260"
"Oh no! I hit the wall! (Clamping from [x=8.476261, y=-0.031994])";"30";"turtlesim1.sim";"1695976423.622275952";"./src/turtle.cpp:update:260"
"Oh no! I hit the wall! (Clamping from [x=8.475058, y=-0.031994])";"30";"turtlesim3.sim";"1695976423.622108413";"./src/turtle.cpp:update:260"
"Oh no! I hit the wall! (Clamping from [x=8.475660, y=-0.031994])";"30";"turtlesim2.sim";"1695976423.620979670";"./src/turtle.cpp:update:260"
"Oh no! I hit the wall! (Clamping from [x=8.475660, y=-0.031994])";"30";"turtlesim1.sim";"1695976423.606232373";"./src/turtle.cpp:update:260"
"Oh no! I hit the wall! (Clamping from [x=8.474457, y=-0.031994])";"30";"turtlesim3.sim";"1695976423.606128959";"./src/turtle.cpp:update:260"
"Oh no! I hit the wall! (Clamping from [x=8.475058, y=-0.031994])";"30";"turtlesim2.sim";"1695976423.605447721";"./src/turtle.cpp:update:260"
"Oh no! I hit the wall! (Clamping from [x=8.475058, y=-0.031994])";"30";"turtlesim1.sim";"1695976423.590254753";"./src/turtle.cpp:update:260"
"Oh no! I hit the wall! (Clamping from [x=8.473855, y=-0.031994])";"30";"turtlesim3.sim";"1695976423.589976030";"./src/turtle.cpp:update:260"
"Oh no! I hit the wall! (Clamping from [x=8.474457, y=-0.031994])";"30";"turtlesim2.sim";"1695976423.589208694";"./src/turtle.cpp:update:260"
"Oh no! I hit the wall! (Clamping from [x=8.474457, y=-0.031994])";"30";"turtlesim1.sim";"1695976423.574311018";"./src/turtle.cpp:update:260"
"Oh no! I hit the wall! (Clamping from [x=8.473254, y=-0.031994])";"30";"turtlesim3.sim";"1695976423.574093640";"./src/turtle.cpp:update:260"
"Oh no! I hit the wall! (Clamping from [x=8.473855, y=-0.031994])";"30";"turtlesim2.sim";"1695976423.573026348";"./src/turtle.cpp:update:260"
"Oh no! I hit the wall! (Clamping from [x=8.473855, y=-0.031994])";"30";"turtlesim1.sim";"1695976423.558243349";"./src/turtle.cpp:update:260"
"Oh no! I hit the wall! (Clamping from [x=8.472653, y=-0.031994])";"30";"turtlesim3.sim";"1695976423.558127186";"./src/turtle.cpp:update:260"
"Oh no! I hit the wall! (Clamping from [x=8.473254, y=-0.031994])";"30";"turtlesim2.sim";"1695976423.557000661";"./src/turtle.cpp:update:260"
"Oh no! I hit the wall! (Clamping from [x=8.472051, y=-0.031994])";"30";"turtlesim3.sim";"1695976423.542264156";"./src/turtle.cpp:update:260"
"Oh no! I hit the wall! (Clamping from [x=8.473254, y=-0.031994])";"30";"turtlesim1.sim";"1695976423.542294007";"./src/turtle.cpp:update:260"
"Oh no! I hit the wall! (Clamping from [x=8.472653, y=-0.031994])";"30";"turtlesim2.sim";"1695976423.540978743";"./src/turtle.cpp:update:260"
"Oh no! I hit the wall! (Clamping from [x=8.471450, y=-0.031994])";"30";"turtlesim3.sim";"1695976423.526347724";"./src/turtle.cpp:update:260"
"Oh no! I hit the wall! (Clamping from [x=8.472653, y=-0.031994])";"30";"turtlesim1.sim";"1695976423.526319718";"./src/turtle.cpp:update:260"
"Oh no! I hit the wall! (Clamping from [x=8.472051, y=-0.031994])";"30";"turtlesim2.sim";"1695976423.524731222";"./src/turtle.cpp:update:260"
"Oh no! I hit the wall! (Clamping from [x=8.472051, y=-0.031994])";"30";"turtlesim1.sim";"1695976423.510278374";"./src/turtle.cpp:update:260"
"Oh no! I hit the wall! (Clamping from [x=8.470848, y=-0.031994])";"30";"turtlesim3.sim";"1695976423.510219537";"./src/turtle.cpp:update:260"
"Oh no! I hit the wall! (Clamping from [x=8.471450, y=-0.031994])";"30";"turtlesim2.sim";"1695976423.509453240";"./src/turtle.cpp:update:260"
"Oh no! I hit the wall! (Clamping from [x=8.470247, y=-0.031994])";"30";"turtlesim3.sim";"1695976423.493838443";"./src/turtle.cpp:update:260"
"Oh no! I hit the wall! (Clamping from [x=8.471450, y=-0.031994])";"30";"turtlesim1.sim";"1695976423.493827696";"./src/turtle.cpp:update:260"
"Oh no! I hit the wall! (Clamping from [x=8.470848, y=-0.031994])";"30";"turtlesim2.sim";"1695976423.492900187";"./src/turtle.cpp:update:260"
"Oh no! I hit the wall! (Clamping from [x=8.469645, y=-0.031994])";"30";"turtlesim3.sim";"1695976423.477964367";"./src/turtle.cpp:update:260"
"Oh no! I hit the wall! (Clamping from [x=8.470848, y=-0.031994])";"30";"turtlesim1.sim";"1695976423.477886962";"./src/turtle.cpp:update:260"
"Oh no! I hit the wall! (Clamping from [x=8.470247, y=-0.031994])";"30";"turtlesim2.sim";"1695976423.476708920";"./src/turtle.cpp:update:260"
"Oh no! I hit the wall! (Clamping from [x=8.470247, y=-0.031994])";"30";"turtlesim1.sim";"1695976423.462472363";"./src/turtle.cpp:update:260"
"Oh no! I hit the wall! (Clamping from [x=8.469044, y=-0.031994])";"30";"turtlesim3.sim";"1695976423.462111585";"./src/turtle.cpp:update:260"
"Oh no! I hit the wall! (Clamping from [x=8.469645, y=-0.031994])";"30";"turtlesim2.sim";"1695976423.461458359";"./src/turtle.cpp:update:260"
"Oh no! I hit the wall! (Clamping from [x=8.469645, y=-0.031994])";"30";"turtlesim1.sim";"1695976423.446415990";"./src/turtle.cpp:update:260"
"Oh no! I hit the wall! (Clamping from [x=8.468442, y=-0.031994])";"30";"turtlesim3.sim";"1695976423.445734941";"./src/turtle.cpp:update:260"
"Oh no! I hit the wall! (Clamping from [x=8.469044, y=-0.031994])";"30";"turtlesim2.sim";"1695976423.445067609";"./src/turtle.cpp:update:260"
"Oh no! I hit the wall! (Clamping from [x=8.469044, y=-0.031994])";"30";"turtlesim1.sim";"1695976423.429672734";"./src/turtle.cpp:update:260"
"Oh no! I hit the wall! (Clamping from [x=8.467841, y=-0.031994])";"30";"turtlesim3.sim";"1695976423.429561030";"./src/turtle.cpp:update:260"
"Oh no! I hit the wall! (Clamping from [x=8.468442, y=-0.031994])";"30";"turtlesim2.sim";"1695976423.428687680";"./src/turtle.cpp:update:260"
"Oh no! I hit the wall! (Clamping from [x=8.468442, y=-0.031994])";"30";"turtlesim1.sim";"1695976423.414493252";"./src/turtle.cpp:update:260"
"Oh no! I hit the wall! (Clamping from [x=8.467240, y=-0.031994])";"30";"turtlesim3.sim";"1695976423.414290607";"./src/turtle.cpp:update:260"
"Oh no! I hit the wall! (Clamping from [x=8.467841, y=-0.031994])";"30";"turtlesim2.sim";"1695976423.413414538";"./src/turtle.cpp:update:260"
"Oh no! I hit the wall! (Clamping from [x=8.467841, y=-0.031994])";"30";"turtlesim1.sim";"1695976423.398332648";"./src/turtle.cpp:update:260"
"Oh no! I hit the wall! (Clamping from [x=8.466638, y=-0.031994])";"30";"turtlesim3.sim";"1695976423.397954068";"./src/turtle.cpp:update:260"
"Oh no! I hit the wall! (Clamping from [x=8.467240, y=-0.031994])";"30";"turtlesim2.sim";"1695976423.396780882";"./src/turtle.cpp:update:260"
"Oh no! I hit the wall! (Clamping from [x=8.466037, y=-0.031994])";"30";"turtlesim3.sim";"1695976423.382004049";"./src/turtle.cpp:update:260"
"Oh no! I hit the wall! (Clamping from [x=8.467240, y=-0.031994])";"30";"turtlesim1.sim";"1695976423.381946301";"./src/turtle.cpp:update:260"
"Oh no! I hit the wall! (Clamping from [x=8.466638, y=-0.031994])";"30";"turtlesim2.sim";"1695976423.381143034";"./src/turtle.cpp:update:260"
"Oh no! I hit the wall! (Clamping from [x=8.465435, y=-0.031994])";"30";"turtlesim3.sim";"1695976423.366151000";"./src/turtle.cpp:update:260"
"Oh no! I hit the wall! (Clamping from [x=8.466638, y=-0.031994])";"30";"turtlesim1.sim";"1695976423.365930546";"./src/turtle.cpp:update:260"
"Oh no! I hit the wall! (Clamping from [x=8.466037, y=-0.031994])";"30";"turtlesim2.sim";"1695976423.365043582";"./src/turtle.cpp:update:260"
"Oh no! I hit the wall! (Clamping from [x=8.466037, y=-0.031994])";"30";"turtlesim1.sim";"1695976423.350429413";"./src/turtle.cpp:update:260"
"Oh no! I hit the wall! (Clamping from [x=8.464834, y=-0.031994])";"30";"turtlesim3.sim";"1695976423.349824969";"./src/turtle.cpp:update:260"
"Oh no! I hit the wall! (Clamping from [x=8.465435, y=-0.031994])";"30";"turtlesim2.sim";"1695976423.349824849";"./src/turtle.cpp:update:260"
"Oh no! I hit the wall! (Clamping from [x=8.465435, y=-0.031994])";"30";"turtlesim1.sim";"1695976423.334124836";"./src/turtle.cpp:update:260"
"Oh no! I hit the wall! (Clamping from [x=8.464232, y=-0.031994])";"30";"turtlesim3.sim";"1695976423.333656427";"./src/turtle.cpp:update:260"
"Oh no! I hit the wall! (Clamping from [x=8.464834, y=-0.031994])";"30";"turtlesim2.sim";"1695976423.333118438";"./src/turtle.cpp:update:260"
"Oh no! I hit the wall! (Clamping from [x=8.464834, y=-0.031994])";"30";"turtlesim1.sim";"1695976423.317878818";"./src/turtle.cpp:update:260"
"Oh no! I hit the wall! (Clamping from [x=8.463631, y=-0.031994])";"30";"turtlesim3.sim";"1695976423.317658074";"./src/turtle.cpp:update:260"
"Oh no! I hit the wall! (Clamping from [x=8.464232, y=-0.031994])";"30";"turtlesim2.sim";"1695976423.316916932";"./src/turtle.cpp:update:260"
"Oh no! I hit the wall! (Clamping from [x=8.463029, y=-0.031994])";"30";"turtlesim3.sim";"1695976423.302597640";"./src/turtle.cpp:update:260"
"Oh no! I hit the wall! (Clamping from [x=8.464232, y=-0.031994])";"30";"turtlesim1.sim";"1695976423.301692360";"./src/turtle.cpp:update:260"
"Oh no! I hit the wall! (Clamping from [x=8.463631, y=-0.031994])";"30";"turtlesim2.sim";"1695976423.301622841";"./src/turtle.cpp:update:260"
"Oh no! I hit the wall! (Clamping from [x=8.463631, y=-0.031994])";"30";"turtlesim1.sim";"1695976423.286420359";"./src/turtle.cpp:update:260"
"Oh no! I hit the wall! (Clamping from [x=8.462428, y=-0.031994])";"30";"turtlesim3.sim";"1695976423.286369784";"./src/turtle.cpp:update:260"
"Oh no! I hit the wall! (Clamping from [x=8.463029, y=-0.031994])";"30";"turtlesim2.sim";"1695976423.285405154";"./src/turtle.cpp:update:260"
"Oh no! I hit the wall! (Clamping from [x=8.463029, y=-0.031994])";"30";"turtlesim1.sim";"1695976423.270196483";"./src/turtle.cpp:update:260"
"Oh no! I hit the wall! (Clamping from [x=8.461826, y=-0.031994])";"30";"turtlesim3.sim";"1695976423.270083651";"./src/turtle.cpp:update:260"
"Oh no! I hit the wall! (Clamping from [x=8.462428, y=-0.031994])";"30";"turtlesim2.sim";"1695976423.269094426";"./src/turtle.cpp:update:260"
"Oh no! I hit the wall! (Clamping from [x=8.462428, y=-0.031994])";"30";"turtlesim1.sim";"1695976423.253940587";"./src/turtle.cpp:update:260"
"Oh no! I hit the wall! (Clamping from [x=8.461225, y=-0.031994])";"30";"turtlesim3.sim";"1695976423.253990379";"./src/turtle.cpp:update:260"
"Oh no! I hit the wall! (Clamping from [x=8.461826, y=-0.031994])";"30";"turtlesim2.sim";"1695976423.252950590";"./src/turtle.cpp:update:260"
"Oh no! I hit the wall! (Clamping from [x=8.460624, y=-0.031994])";"30";"turtlesim3.sim";"1695976423.238070058";"./src/turtle.cpp:update:260"
"Oh no! I hit the wall! (Clamping from [x=8.461826, y=-0.031994])";"30";"turtlesim1.sim";"1695976423.237579117";"./src/turtle.cpp:update:260"
"Oh no! I hit the wall! (Clamping from [x=8.461225, y=-0.031994])";"30";"turtlesim2.sim";"1695976423.236780754";"./src/turtle.cpp:update:260"
"Oh no! I hit the wall! (Clamping from [x=8.461225, y=-0.031994])";"30";"turtlesim1.sim";"1695976423.222525555";"./src/turtle.cpp:update:260"
"Oh no! I hit the wall! (Clamping from [x=8.460022, y=-0.031994])";"30";"turtlesim3.sim";"1695976423.222241998";"./src/turtle.cpp:update:260"
"Oh no! I hit the wall! (Clamping from [x=8.460624, y=-0.031994])";"30";"turtlesim2.sim";"1695976423.221602573";"./src/turtle.cpp:update:260"
"Oh no! I hit the wall! (Clamping from [x=8.460624, y=-0.031994])";"30";"turtlesim1.sim";"1695976423.206483325";"./src/turtle.cpp:update:260"
"Oh no! I hit the wall! (Clamping from [x=8.459421, y=-0.031994])";"30";"turtlesim3.sim";"1695976423.206404055";"./src/turtle.cpp:update:260"
"Oh no! I hit the wall! (Clamping from [x=8.460022, y=-0.031994])";"30";"turtlesim2.sim";"1695976423.205495931";"./src/turtle.cpp:update:260"
"Oh no! I hit the wall! (Clamping from [x=8.460022, y=-0.031994])";"30";"turtlesim1.sim";"1695976423.190161749";"./src/turtle.cpp:update:260"
"Oh no! I hit the wall! (Clamping from [x=8.458819, y=-0.031994])";"30";"turtlesim3.sim";"1695976423.190037842";"./src/turtle.cpp:update:260"
"Oh no! I hit the wall! (Clamping from [x=8.459421, y=-0.031994])";"30";"turtlesim2.sim";"1695976423.189355907";"./src/turtle.cpp:update:260"
"Oh no! I hit the wall! (Clamping from [x=8.458218, y=-0.031994])";"30";"turtlesim3.sim";"1695976423.174084902";"./src/turtle.cpp:update:260"
"Oh no! I hit the wall! (Clamping from [x=8.459421, y=-0.031994])";"30";"turtlesim1.sim";"1695976423.174032913";"./src/turtle.cpp:update:260"
"Oh no! I hit the wall! (Clamping from [x=8.458819, y=-0.031994])";"30";"turtlesim2.sim";"1695976423.173103229";"./src/turtle.cpp:update:260"
"Oh no! I hit the wall! (Clamping from [x=8.457616, y=-0.031994])";"30";"turtlesim3.sim";"1695976423.158246941";"./src/turtle.cpp:update:260"
"Oh no! I hit the wall! (Clamping from [x=8.458819, y=-0.031994])";"30";"turtlesim1.sim";"1695976423.157714941";"./src/turtle.cpp:update:260"
"Oh no! I hit the wall! (Clamping from [x=8.458218, y=-0.031994])";"30";"turtlesim2.sim";"1695976423.156923738";"./src/turtle.cpp:update:260"
"Oh no! I hit the wall! (Clamping from [x=8.457015, y=-0.031994])";"30";"turtlesim3.sim";"1695976423.142325980";"./src/turtle.cpp:update:260"
"Oh no! I hit the wall! (Clamping from [x=8.458218, y=-0.031994])";"30";"turtlesim1.sim";"1695976423.141677213";"./src/turtle.cpp:update:260"
"Oh no! I hit the wall! (Clamping from [x=8.457616, y=-0.031994])";"30";"turtlesim2.sim";"1695976423.140737881";"./src/turtle.cpp:update:260"
"Oh no! I hit the wall! (Clamping from [x=8.457616, y=-0.031994])";"30";"turtlesim1.sim";"1695976423.126549965";"./src/turtle.cpp:update:260"
"Oh no! I hit the wall! (Clamping from [x=8.456413, y=-0.031994])";"30";"turtlesim3.sim";"1695976423.126206520";"./src/turtle.cpp:update:260"
"Oh no! I hit the wall! (Clamping from [x=8.457015, y=-0.031994])";"30";"turtlesim2.sim";"1695976423.125482993";"./src/turtle.cpp:update:260"
"Oh no! I hit the wall! (Clamping from [x=8.457015, y=-0.031994])";"30";"turtlesim1.sim";"1695976423.110433208";"./src/turtle.cpp:update:260"
"Oh no! I hit the wall! (Clamping from [x=8.455812, y=-0.031994])";"30";"turtlesim3.sim";"1695976423.110312123";"./src/turtle.cpp:update:260"
"Oh no! I hit the wall! (Clamping from [x=8.456413, y=-0.031994])";"30";"turtlesim2.sim";"1695976423.109194827";"./src/turtle.cpp:update:260"
"Oh no! I hit the wall! (Clamping from [x=8.456413, y=-0.031994])";"30";"turtlesim1.sim";"1695976423.094347927";"./src/turtle.cpp:update:260"
"Oh no! I hit the wall! (Clamping from [x=8.455211, y=-0.031994])";"30";"turtlesim3.sim";"1695976423.094241627";"./src/turtle.cpp:update:260"
"Oh no! I hit the wall! (Clamping from [x=8.455812, y=-0.031994])";"30";"turtlesim2.sim";"1695976423.093036790";"./src/turtle.cpp:update:260"
"Oh no! I hit the wall! (Clamping from [x=8.455812, y=-0.031994])";"30";"turtlesim1.sim";"1695976423.078298348";"./src/turtle.cpp:update:260"
"Oh no! I hit the wall! (Clamping from [x=8.454609, y=-0.031994])";"30";"turtlesim3.sim";"1695976423.078243260";"./src/turtle.cpp:update:260"
"Oh no! I hit the wall! (Clamping from [x=8.455211, y=-0.031994])";"30";"turtlesim2.sim";"1695976423.076792176";"./src/turtle.cpp:update:260"
"Oh no! I hit the wall! (Clamping from [x=8.455211, y=-0.031994])";"30";"turtlesim1.sim";"1695976423.062318195";"./src/turtle.cpp:update:260"
"Oh no! I hit the wall! (Clamping from [x=8.454008, y=-0.031994])";"30";"turtlesim3.sim";"1695976423.062312679";"./src/turtle.cpp:update:260"
"Oh no! I hit the wall! (Clamping from [x=8.454609, y=-0.031994])";"30";"turtlesim2.sim";"1695976423.061681821";"./src/turtle.cpp:update:260"
"Oh no! I hit the wall! (Clamping from [x=8.454609, y=-0.031994])";"30";"turtlesim1.sim";"1695976423.046262141";"./src/turtle.cpp:update:260"
"Oh no! I hit the wall! (Clamping from [x=8.453406, y=-0.031994])";"30";"turtlesim3.sim";"1695976423.046134031";"./src/turtle.cpp:update:260"
"Oh no! I hit the wall! (Clamping from [x=8.454008, y=-0.031994])";"30";"turtlesim2.sim";"1695976423.045409220";"./src/turtle.cpp:update:260"
"Oh no! I hit the wall! (Clamping from [x=8.452805, y=-0.031994])";"30";"turtlesim3.sim";"1695976423.030320594";"./src/turtle.cpp:update:260"
"Oh no! I hit the wall! (Clamping from [x=8.454008, y=-0.031994])";"30";"turtlesim1.sim";"1695976423.030287493";"./src/turtle.cpp:update:260"
"Oh no! I hit the wall! (Clamping from [x=8.453406, y=-0.031994])";"30";"turtlesim2.sim";"1695976423.029222554";"./src/turtle.cpp:update:260"
"Oh no! I hit the wall! (Clamping from [x=8.452203, y=-0.031994])";"30";"turtlesim3.sim";"1695976423.014392144";"./src/turtle.cpp:update:260"
"Oh no! I hit the wall! (Clamping from [x=8.453406, y=-0.031994])";"30";"turtlesim1.sim";"1695976423.014078524";"./src/turtle.cpp:update:260"
"Oh no! I hit the wall! (Clamping from [x=8.452805, y=-0.031994])";"30";"turtlesim2.sim";"1695976423.013616018";"./src/turtle.cpp:update:260"
"Oh no! I hit the wall! (Clamping from [x=8.451602, y=-0.031994])";"30";"turtlesim3.sim";"1695976422.998135951";"./src/turtle.cpp:update:260"
"Oh no! I hit the wall! (Clamping from [x=8.452805, y=-0.031994])";"30";"turtlesim1.sim";"1695976422.997937814";"./src/turtle.cpp:update:260"
"Oh no! I hit the wall! (Clamping from [x=8.452203, y=-0.031994])";"30";"turtlesim2.sim";"1695976422.997444366";"./src/turtle.cpp:update:260"
"Oh no! I hit the wall! (Clamping from [x=8.451000, y=-0.031994])";"30";"turtlesim3.sim";"1695976422.982142181";"./src/turtle.cpp:update:260"
"Oh no! I hit the wall! (Clamping from [x=8.452203, y=-0.031994])";"30";"turtlesim1.sim";"1695976422.981825603";"./src/turtle.cpp:update:260"
"Oh no! I hit the wall! (Clamping from [x=8.451602, y=-0.031994])";"30";"turtlesim2.sim";"1695976422.981271256";"./src/turtle.cpp:update:260"
"Oh no! I hit the wall! (Clamping from [x=8.450399, y=-0.031994])";"30";"turtlesim3.sim";"1695976422.965842347";"./src/turtle.cpp:update:260"
"Oh no! I hit the wall! (Clamping from [x=8.451602, y=-0.031994])";"30";"turtlesim1.sim";"1695976422.965604915";"./src/turtle.cpp:update:260"
"Oh no! I hit the wall! (Clamping from [x=8.451000, y=-0.031994])";"30";"turtlesim2.sim";"1695976422.965073928";"./src/turtle.cpp:update:260"
"Oh no! I hit the wall! (Clamping from [x=8.451000, y=-0.031994])";"30";"turtlesim1.sim";"1695976422.950070083";"./src/turtle.cpp:update:260"
"Oh no! I hit the wall! (Clamping from [x=8.449798, y=-0.031994])";"30";"turtlesim3.sim";"1695976422.949964370";"./src/turtle.cpp:update:260"
"Oh no! I hit the wall! (Clamping from [x=8.450399, y=-0.031994])";"30";"turtlesim2.sim";"1695976422.949243100";"./src/turtle.cpp:update:260"
"Oh no! I hit the wall! (Clamping from [x=8.450399, y=-0.031994])";"30";"turtlesim1.sim";"1695976422.933964588";"./src/turtle.cpp:update:260"
"Oh no! I hit the wall! (Clamping from [x=8.449196, y=-0.031994])";"30";"turtlesim3.sim";"1695976422.933747225";"./src/turtle.cpp:update:260"
"Oh no! I hit the wall! (Clamping from [x=8.449798, y=-0.031994])";"30";"turtlesim2.sim";"1695976422.932817776";"./src/turtle.cpp:update:260"
"Oh no! I hit the wall! (Clamping from [x=8.449798, y=-0.031994])";"30";"turtlesim1.sim";"1695976422.918464899";"./src/turtle.cpp:update:260"
"Oh no! I hit the wall! (Clamping from [x=8.448595, y=-0.031994])";"30";"turtlesim3.sim";"1695976422.918384585";"./src/turtle.cpp:update:260"
"Oh no! I hit the wall! (Clamping from [x=8.449196, y=-0.031994])";"30";"turtlesim2.sim";"1695976422.917437563";"./src/turtle.cpp:update:260"
"Oh no! I hit the wall! (Clamping from [x=8.449196, y=-0.031994])";"30";"turtlesim1.sim";"1695976422.902147855";"./src/turtle.cpp:update:260"
"Oh no! I hit the wall! (Clamping from [x=8.447993, y=-0.031994])";"30";"turtlesim3.sim";"1695976422.901891494";"./src/turtle.cpp:update:260"
"Oh no! I hit the wall! (Clamping from [x=8.448595, y=-0.031994])";"30";"turtlesim2.sim";"1695976422.901047034";"./src/turtle.cpp:update:260"
"Oh no! I hit the wall! (Clamping from [x=8.447392, y=-0.031994])";"30";"turtlesim3.sim";"1695976422.886145487";"./src/turtle.cpp:update:260"
"Oh no! I hit the wall! (Clamping from [x=8.448595, y=-0.031994])";"30";"turtlesim1.sim";"1695976422.885698068";"./src/turtle.cpp:update:260"
"Oh no! I hit the wall! (Clamping from [x=8.447993, y=-0.031994])";"30";"turtlesim2.sim";"1695976422.885644546";"./src/turtle.cpp:update:260"
"Oh no! I hit the wall! (Clamping from [x=8.447993, y=-0.031994])";"30";"turtlesim1.sim";"1695976422.869962228";"./src/turtle.cpp:update:260"
"Oh no! I hit the wall! (Clamping from [x=8.446790, y=-0.031994])";"30";"turtlesim3.sim";"1695976422.869925073";"./src/turtle.cpp:update:260"
"Oh no! I hit the wall! (Clamping from [x=8.447392, y=-0.031994])";"30";"turtlesim2.sim";"1695976422.868942575";"./src/turtle.cpp:update:260"
"Oh no! I hit the wall! (Clamping from [x=8.447392, y=-0.031994])";"30";"turtlesim1.sim";"1695976422.854327588";"./src/turtle.cpp:update:260"
"Oh no! I hit the wall! (Clamping from [x=8.446189, y=-0.031994])";"30";"turtlesim3.sim";"1695976422.854042838";"./src/turtle.cpp:update:260"
"Oh no! I hit the wall! (Clamping from [x=8.446790, y=-0.031994])";"30";"turtlesim2.sim";"1695976422.853530963";"./src/turtle.cpp:update:260"
"Oh no! I hit the wall! (Clamping from [x=8.446790, y=-0.031994])";"30";"turtlesim1.sim";"1695976422.837878512";"./src/turtle.cpp:update:260"
"Oh no! I hit the wall! (Clamping from [x=8.445587, y=-0.031994])";"30";"turtlesim3.sim";"1695976422.837739146";"./src/turtle.cpp:update:260"
"Oh no! I hit the wall! (Clamping from [x=8.446189, y=-0.031994])";"30";"turtlesim2.sim";"1695976422.837141072";"./src/turtle.cpp:update:260"
"Oh no! I hit the wall! (Clamping from [x=8.446189, y=-0.031994])";"30";"turtlesim1.sim";"1695976422.822632571";"./src/turtle.cpp:update:260"
"Oh no! I hit the wall! (Clamping from [x=8.444986, y=-0.031994])";"30";"turtlesim3.sim";"1695976422.822503619";"./src/turtle.cpp:update:260"
"Oh no! I hit the wall! (Clamping from [x=8.445587, y=-0.031994])";"30";"turtlesim2.sim";"1695976422.821470254";"./src/turtle.cpp:update:260"
"Oh no! I hit the wall! (Clamping from [x=8.444385, y=-0.031994])";"30";"turtlesim3.sim";"1695976422.806249405";"./src/turtle.cpp:update:260"
"Oh no! I hit the wall! (Clamping from [x=8.445587, y=-0.031994])";"30";"turtlesim1.sim";"1695976422.806209324";"./src/turtle.cpp:update:260"
"Oh no! I hit the wall! (Clamping from [x=8.444986, y=-0.031994])";"30";"turtlesim2.sim";"1695976422.805053100";"./src/turtle.cpp:update:260"
"Oh no! I hit the wall! (Clamping from [x=8.443783, y=-0.031994])";"30";"turtlesim3.sim";"1695976422.790371472";"./src/turtle.cpp:update:260"
"Oh no! I hit the wall! (Clamping from [x=8.444986, y=-0.031994])";"30";"turtlesim1.sim";"1695976422.790038116";"./src/turtle.cpp:update:260"
"Oh no! I hit the wall! (Clamping from [x=8.444385, y=-0.031994])";"30";"turtlesim2.sim";"1695976422.789515195";"./src/turtle.cpp:update:260"
"Oh no! I hit the wall! (Clamping from [x=8.443182, y=-0.031994])";"30";"turtlesim3.sim";"1695976422.774076452";"./src/turtle.cpp:update:260"
"Oh no! I hit the wall! (Clamping from [x=8.444385, y=-0.031994])";"30";"turtlesim1.sim";"1695976422.773645814";"./src/turtle.cpp:update:260"
"Oh no! I hit the wall! (Clamping from [x=8.443783, y=-0.031994])";"30";"turtlesim2.sim";"1695976422.773340882";"./src/turtle.cpp:update:260"
"Oh no! I hit the wall! (Clamping from [x=8.442580, y=-0.031994])";"30";"turtlesim3.sim";"1695976422.758430725";"./src/turtle.cpp:update:260"
"Oh no! I hit the wall! (Clamping from [x=8.443783, y=-0.031994])";"30";"turtlesim1.sim";"1695976422.758128392";"./src/turtle.cpp:update:260"
"Oh no! I hit the wall! (Clamping from [x=8.443182, y=-0.031994])";"30";"turtlesim2.sim";"1695976422.757106774";"./src/turtle.cpp:update:260"
"Oh no! I hit the wall! (Clamping from [x=8.441979, y=-0.031994])";"30";"turtlesim3.sim";"1695976422.742435362";"./src/turtle.cpp:update:260"
"Oh no! I hit the wall! (Clamping from [x=8.443182, y=-0.031994])";"30";"turtlesim1.sim";"1695976422.741711694";"./src/turtle.cpp:update:260"
"Oh no! I hit the wall! (Clamping from [x=8.442580, y=-0.031994])";"30";"turtlesim2.sim";"1695976422.741589683";"./src/turtle.cpp:update:260"
"Oh no! I hit the wall! (Clamping from [x=8.441377, y=-0.031994])";"30";"turtlesim3.sim";"1695976422.725995398";"./src/turtle.cpp:update:260"
"Oh no! I hit the wall! (Clamping from [x=8.442580, y=-0.031994])";"30";"turtlesim1.sim";"1695976422.725606029";"./src/turtle.cpp:update:260"
"Oh no! I hit the wall! (Clamping from [x=8.441979, y=-0.031994])";"30";"turtlesim2.sim";"1695976422.725149371";"./src/turtle.cpp:update:260"
"Oh no! I hit the wall! (Clamping from [x=8.441979, y=-0.031994])";"30";"turtlesim1.sim";"1695976422.710222904";"./src/turtle.cpp:update:260"
"Oh no! I hit the wall! (Clamping from [x=8.440776, y=-0.031994])";"30";"turtlesim3.sim";"1695976422.710005612";"./src/turtle.cpp:update:260"
"Oh no! I hit the wall! (Clamping from [x=8.441377, y=-0.031994])";"30";"turtlesim2.sim";"1695976422.709496876";"./src/turtle.cpp:update:260"
"Oh no! I hit the wall! (Clamping from [x=8.440174, y=-0.031994])";"30";"turtlesim3.sim";"1695976422.694200796";"./src/turtle.cpp:update:260"
"Oh no! I hit the wall! (Clamping from [x=8.441377, y=-0.031994])";"30";"turtlesim1.sim";"1695976422.693951171";"./src/turtle.cpp:update:260"
"Oh no! I hit the wall! (Clamping from [x=8.440776, y=-0.031994])";"30";"turtlesim2.sim";"1695976422.692891483";"./src/turtle.cpp:update:260"
"Oh no! I hit the wall! (Clamping from [x=8.440776, y=-0.031994])";"30";"turtlesim1.sim";"1695976422.678336797";"./src/turtle.cpp:update:260"
"Oh no! I hit the wall! (Clamping from [x=8.439573, y=-0.031994])";"30";"turtlesim3.sim";"1695976422.678266365";"./src/turtle.cpp:update:260"
"Oh no! I hit the wall! (Clamping from [x=8.440174, y=-0.031994])";"30";"turtlesim2.sim";"1695976422.677474790";"./src/turtle.cpp:update:260"
"Oh no! I hit the wall! (Clamping from [x=8.440174, y=-0.031994])";"30";"turtlesim1.sim";"1695976422.662294499";"./src/turtle.cpp:update:260"
"Oh no! I hit the wall! (Clamping from [x=8.438971, y=-0.031994])";"30";"turtlesim3.sim";"1695976422.662079440";"./src/turtle.cpp:update:260"
"Oh no! I hit the wall! (Clamping from [x=8.439573, y=-0.031994])";"30";"turtlesim2.sim";"1695976422.661061188";"./src/turtle.cpp:update:260"
"Oh no! I hit the wall! (Clamping from [x=8.439573, y=-0.031994])";"30";"turtlesim1.sim";"1695976422.646216215";"./src/turtle.cpp:update:260"
"Oh no! I hit the wall! (Clamping from [x=8.438370, y=-0.031994])";"30";"turtlesim3.sim";"1695976422.645872615";"./src/turtle.cpp:update:260"
"Oh no! I hit the wall! (Clamping from [x=8.438971, y=-0.031994])";"30";"turtlesim2.sim";"1695976422.644755698";"./src/turtle.cpp:update:260"
"Oh no! I hit the wall! (Clamping from [x=8.438971, y=-0.031994])";"30";"turtlesim1.sim";"1695976422.629902615";"./src/turtle.cpp:update:260"
"Oh no! I hit the wall! (Clamping from [x=8.437769, y=-0.031994])";"30";"turtlesim3.sim";"1695976422.629890196";"./src/turtle.cpp:update:260"
"Oh no! I hit the wall! (Clamping from [x=8.438370, y=-0.031994])";"30";"turtlesim2.sim";"1695976422.629180989";"./src/turtle.cpp:update:260"
"Oh no! I hit the wall! (Clamping from [x=8.437167, y=-0.031994])";"30";"turtlesim3.sim";"1695976422.614399590";"./src/turtle.cpp:update:260"
"Oh no! I hit the wall! (Clamping from [x=8.438370, y=-0.031994])";"30";"turtlesim1.sim";"1695976422.613876415";"./src/turtle.cpp:update:260"
"Oh no! I hit the wall! (Clamping from [x=8.437769, y=-0.031994])";"30";"turtlesim2.sim";"1695976422.612732271";"./src/turtle.cpp:update:260"
"Oh no! I hit the wall! (Clamping from [x=8.437769, y=-0.031994])";"30";"turtlesim1.sim";"1695976422.598519387";"./src/turtle.cpp:update:260"
"Oh no! I hit the wall! (Clamping from [x=8.436566, y=-0.031994])";"30";"turtlesim3.sim";"1695976422.598289406";"./src/turtle.cpp:update:260"
"Oh no! I hit the wall! (Clamping from [x=8.437167, y=-0.031994])";"30";"turtlesim2.sim";"1695976422.597416799";"./src/turtle.cpp:update:260"
"Oh no! I hit the wall! (Clamping from [x=8.435964, y=-0.031994])";"30";"turtlesim3.sim";"1695976422.582377927";"./src/turtle.cpp:update:260"
"Oh no! I hit the wall! (Clamping from [x=8.437167, y=-0.031994])";"30";"turtlesim1.sim";"1695976422.582179800";"./src/turtle.cpp:update:260"
"Oh no! I hit the wall! (Clamping from [x=8.436566, y=-0.031994])";"30";"turtlesim2.sim";"1695976422.580784626";"./src/turtle.cpp:update:260"
"Oh no! I hit the wall! (Clamping from [x=8.435363, y=-0.031994])";"30";"turtlesim3.sim";"1695976422.566240968";"./src/turtle.cpp:update:260"
"Oh no! I hit the wall! (Clamping from [x=8.436566, y=-0.031994])";"30";"turtlesim1.sim";"1695976422.566059929";"./src/turtle.cpp:update:260"
"Oh no! I hit the wall! (Clamping from [x=8.435964, y=-0.031994])";"30";"turtlesim2.sim";"1695976422.565313081";"./src/turtle.cpp:update:260"
"Oh no! I hit the wall! (Clamping from [x=8.435964, y=-0.031994])";"30";"turtlesim1.sim";"1695976422.549834859";"./src/turtle.cpp:update:260"
"Oh no! I hit the wall! (Clamping from [x=8.434761, y=-0.031994])";"30";"turtlesim3.sim";"1695976422.549628575";"./src/turtle.cpp:update:260"
"Oh no! I hit the wall! (Clamping from [x=8.435363, y=-0.031994])";"30";"turtlesim2.sim";"1695976422.548785985";"./src/turtle.cpp:update:260"
"Oh no! I hit the wall! (Clamping from [x=8.434160, y=-0.031994])";"30";"turtlesim3.sim";"1695976422.534706949";"./src/turtle.cpp:update:260"
"Oh no! I hit the wall! (Clamping from [x=8.435363, y=-0.031994])";"30";"turtlesim1.sim";"1695976422.533932045";"./src/turtle.cpp:update:260"
"Oh no! I hit the wall! (Clamping from [x=8.434761, y=-0.031994])";"30";"turtlesim2.sim";"1695976422.533689484";"./src/turtle.cpp:update:260"
"Oh no! I hit the wall! (Clamping from [x=8.434761, y=-0.031994])";"30";"turtlesim1.sim";"1695976422.518623245";"./src/turtle.cpp:update:260"
"Oh no! I hit the wall! (Clamping from [x=8.433558, y=-0.031994])";"30";"turtlesim3.sim";"1695976422.518448582";"./src/turtle.cpp:update:260"
"Oh no! I hit the wall! (Clamping from [x=8.434160, y=-0.031994])";"30";"turtlesim2.sim";"1695976422.517244468";"./src/turtle.cpp:update:260"
"Oh no! I hit the wall! (Clamping from [x=8.434160, y=-0.031994])";"30";"turtlesim1.sim";"1695976422.502910459";"./src/turtle.cpp:update:260"
"Oh no! I hit the wall! (Clamping from [x=8.432957, y=-0.031994])";"30";"turtlesim3.sim";"1695976422.502383337";"./src/turtle.cpp:update:260"
"Oh no! I hit the wall! (Clamping from [x=8.433558, y=-0.031994])";"30";"turtlesim2.sim";"1695976422.501171499";"./src/turtle.cpp:update:260"
"Oh no! I hit the wall! (Clamping from [x=8.432356, y=-0.031994])";"30";"turtlesim3.sim";"1695976422.486503827";"./src/turtle.cpp:update:260"
"Oh no! I hit the wall! (Clamping from [x=8.433558, y=-0.031994])";"30";"turtlesim1.sim";"1695976422.485982092";"./src/turtle.cpp:update:260"
"Oh no! I hit the wall! (Clamping from [x=8.432957, y=-0.031994])";"30";"turtlesim2.sim";"1695976422.484818038";"./src/turtle.cpp:update:260"
"Oh no! I hit the wall! (Clamping from [x=8.431754, y=-0.031994])";"30";"turtlesim3.sim";"1695976422.470389976";"./src/turtle.cpp:update:260"
"Oh no! I hit the wall! (Clamping from [x=8.432957, y=-0.031994])";"30";"turtlesim1.sim";"1695976422.469804363";"./src/turtle.cpp:update:260"
"Oh no! I hit the wall! (Clamping from [x=8.432356, y=-0.031994])";"30";"turtlesim2.sim";"1695976422.468736284";"./src/turtle.cpp:update:260"
"Oh no! I hit the wall! (Clamping from [x=8.432356, y=-0.031994])";"30";"turtlesim1.sim";"1695976422.454685014";"./src/turtle.cpp:update:260"
"Oh no! I hit the wall! (Clamping from [x=8.431153, y=-0.031994])";"30";"turtlesim3.sim";"1695976422.454381154";"./src/turtle.cpp:update:260"
"Oh no! I hit the wall! (Clamping from [x=8.431754, y=-0.031994])";"30";"turtlesim2.sim";"1695976422.453560564";"./src/turtle.cpp:update:260"
"Oh no! I hit the wall! (Clamping from [x=8.431754, y=-0.031994])";"30";"turtlesim1.sim";"1695976422.438460240";"./src/turtle.cpp:update:260"
"Oh no! I hit the wall! (Clamping from [x=8.430551, y=-0.031994])";"30";"turtlesim3.sim";"1695976422.438479945";"./src/turtle.cpp:update:260"
"Oh no! I hit the wall! (Clamping from [x=8.431153, y=-0.031994])";"30";"turtlesim2.sim";"1695976422.437046707";"./src/turtle.cpp:update:260"
"Oh no! I hit the wall! (Clamping from [x=8.431153, y=-0.031994])";"30";"turtlesim1.sim";"1695976422.422509410";"./src/turtle.cpp:update:260"
"Oh no! I hit the wall! (Clamping from [x=8.429950, y=-0.031994])";"30";"turtlesim3.sim";"1695976422.421535082";"./src/turtle.cpp:update:260"
"Oh no! I hit the wall! (Clamping from [x=8.430551, y=-0.031994])";"30";"turtlesim2.sim";"1695976422.420667047";"./src/turtle.cpp:update:260"
"Oh no! I hit the wall! (Clamping from [x=8.430551, y=-0.031994])";"30";"turtlesim1.sim";"1695976422.406164711";"./src/turtle.cpp:update:260"
"Oh no! I hit the wall! (Clamping from [x=8.429950, y=-0.031994])";"30";"turtlesim2.sim";"1695976422.405037618";"./src/turtle.cpp:update:260"
"Oh no! I hit the wall! (Clamping from [x=8.429950, y=-0.031994])";"30";"turtlesim1.sim";"1695976422.389587046";"./src/turtle.cpp:update:260"
"Oh no! I hit the wall! (Clamping from [x=8.429348, y=-0.031994])";"30";"turtlesim3.sim";"1695976422.213943604";"./src/turtle.cpp:update:260"
"Oh no! I hit the wall! (Clamping from [x=8.428747, y=-0.031994])";"30";"turtlesim3.sim";"1695976422.197696172";"./src/turtle.cpp:update:260"
"Oh no! I hit the wall! (Clamping from [x=8.429348, y=-0.031994])";"30";"turtlesim2.sim";"1695976422.196831301";"./src/turtle.cpp:update:260"
"Oh no! I hit the wall! (Clamping from [x=8.428145, y=-0.031994])";"30";"turtlesim3.sim";"1695976422.182341729";"./src/turtle.cpp:update:260"
"Oh no! I hit the wall! (Clamping from [x=8.429348, y=-0.031994])";"30";"turtlesim1.sim";"1695976422.182332492";"./src/turtle.cpp:update:260"
"Oh no! I hit the wall! (Clamping from [x=8.428747, y=-0.031994])";"30";"turtlesim2.sim";"1695976422.181289956";"./src/turtle.cpp:update:260"
"Oh no! I hit the wall! (Clamping from [x=8.427544, y=-0.031994])";"30";"turtlesim3.sim";"1695976422.166071790";"./src/turtle.cpp:update:260"
"Oh no! I hit the wall! (Clamping from [x=8.428747, y=-0.031994])";"30";"turtlesim1.sim";"1695976422.165882328";"./src/turtle.cpp:update:260"
"Oh no! I hit the wall! (Clamping from [x=8.428145, y=-0.031994])";"30";"turtlesim2.sim";"1695976422.165381549";"./src/turtle.cpp:update:260"
"Oh no! I hit the wall! (Clamping from [x=8.426943, y=-0.031994])";"30";"turtlesim3.sim";"1695976422.150085831";"./src/turtle.cpp:update:260"
"Oh no! I hit the wall! (Clamping from [x=8.428145, y=-0.031994])";"30";"turtlesim1.sim";"1695976422.149935779";"./src/turtle.cpp:update:260"
"Oh no! I hit the wall! (Clamping from [x=8.427544, y=-0.031994])";"30";"turtlesim2.sim";"1695976422.149597418";"./src/turtle.cpp:update:260"
"Oh no! I hit the wall! (Clamping from [x=8.426341, y=-0.031994])";"30";"turtlesim3.sim";"1695976422.134425866";"./src/turtle.cpp:update:260"
"Oh no! I hit the wall! (Clamping from [x=8.427544, y=-0.031994])";"30";"turtlesim1.sim";"1695976422.134347015";"./src/turtle.cpp:update:260"
"Oh no! I hit the wall! (Clamping from [x=8.426943, y=-0.031994])";"30";"turtlesim2.sim";"1695976422.133078068";"./src/turtle.cpp:update:260"
"Oh no! I hit the wall! (Clamping from [x=8.426943, y=-0.031994])";"30";"turtlesim1.sim";"1695976422.118037271";"./src/turtle.cpp:update:260"
"Oh no! I hit the wall! (Clamping from [x=8.425740, y=-0.031994])";"30";"turtlesim3.sim";"1695976422.117934724";"./src/turtle.cpp:update:260"
"Oh no! I hit the wall! (Clamping from [x=8.426341, y=-0.031994])";"30";"turtlesim2.sim";"1695976422.117162248";"./src/turtle.cpp:update:260"
"Oh no! I hit the wall! (Clamping from [x=8.426341, y=-0.031994])";"30";"turtlesim1.sim";"1695976422.101911047";"./src/turtle.cpp:update:260"
"Oh no! I hit the wall! (Clamping from [x=8.425138, y=-0.031994])";"30";"turtlesim3.sim";"1695976422.101807022";"./src/turtle.cpp:update:260"
"Oh no! I hit the wall! (Clamping from [x=8.425740, y=-0.031994])";"30";"turtlesim2.sim";"1695976422.101046294";"./src/turtle.cpp:update:260"
"Oh no! I hit the wall! (Clamping from [x=8.424537, y=-0.031994])";"30";"turtlesim3.sim";"1695976422.086649602";"./src/turtle.cpp:update:260"
"Oh no! I hit the wall! (Clamping from [x=8.425740, y=-0.031994])";"30";"turtlesim1.sim";"1695976422.085584343";"./src/turtle.cpp:update:260"
"Oh no! I hit the wall! (Clamping from [x=8.425138, y=-0.031994])";"30";"turtlesim2.sim";"1695976422.085396290";"./src/turtle.cpp:update:260"
"Oh no! I hit the wall! (Clamping from [x=8.423935, y=-0.031994])";"30";"turtlesim3.sim";"1695976422.070152532";"./src/turtle.cpp:update:260"
"Oh no! I hit the wall! (Clamping from [x=8.425138, y=-0.031994])";"30";"turtlesim1.sim";"1695976422.070077274";"./src/turtle.cpp:update:260"
"Oh no! I hit the wall! (Clamping from [x=8.424537, y=-0.031994])";"30";"turtlesim2.sim";"1695976422.069159352";"./src/turtle.cpp:update:260"
"Oh no! I hit the wall! (Clamping from [x=8.424537, y=-0.031994])";"30";"turtlesim1.sim";"1695976422.054893611";"./src/turtle.cpp:update:260"
"Oh no! I hit the wall! (Clamping from [x=8.423334, y=-0.031994])";"30";"turtlesim3.sim";"1695976422.054268964";"./src/turtle.cpp:update:260"
"Oh no! I hit the wall! (Clamping from [x=8.423935, y=-0.031994])";"30";"turtlesim2.sim";"1695976422.053458338";"./src/turtle.cpp:update:260"
"Oh no! I hit the wall! (Clamping from [x=8.422732, y=-0.031994])";"30";"turtlesim3.sim";"1695976422.038305596";"./src/turtle.cpp:update:260"
"Oh no! I hit the wall! (Clamping from [x=8.423935, y=-0.031994])";"30";"turtlesim1.sim";"1695976422.038318463";"./src/turtle.cpp:update:260"
"Oh no! I hit the wall! (Clamping from [x=8.423334, y=-0.031994])";"30";"turtlesim2.sim";"1695976422.037128663";"./src/turtle.cpp:update:260"
"Oh no! I hit the wall! (Clamping from [x=8.423334, y=-0.031994])";"30";"turtlesim1.sim";"1695976422.022508714";"./src/turtle.cpp:update:260"
"Oh no! I hit the wall! (Clamping from [x=8.422131, y=-0.031994])";"30";"turtlesim3.sim";"1695976422.022434672";"./src/turtle.cpp:update:260"
"Oh no! I hit the wall! (Clamping from [x=8.422732, y=-0.031994])";"30";"turtlesim2.sim";"1695976422.021682906";"./src/turtle.cpp:update:260"
"Oh no! I hit the wall! (Clamping from [x=8.421530, y=-0.031994])";"30";"turtlesim3.sim";"1695976422.006229684";"./src/turtle.cpp:update:260"
"Oh no! I hit the wall! (Clamping from [x=8.422732, y=-0.031994])";"30";"turtlesim1.sim";"1695976422.006054986";"./src/turtle.cpp:update:260"
"Oh no! I hit the wall! (Clamping from [x=8.422131, y=-0.031994])";"30";"turtlesim2.sim";"1695976422.005351145";"./src/turtle.cpp:update:260"
"Oh no! I hit the wall! (Clamping from [x=8.422131, y=-0.031994])";"30";"turtlesim1.sim";"1695976421.989945864";"./src/turtle.cpp:update:260"
"Oh no! I hit the wall! (Clamping from [x=8.420928, y=-0.031994])";"30";"turtlesim3.sim";"1695976421.989858723";"./src/turtle.cpp:update:260"
"Oh no! I hit the wall! (Clamping from [x=8.421530, y=-0.031994])";"30";"turtlesim2.sim";"1695976421.989545009";"./src/turtle.cpp:update:260"
"Oh no! I hit the wall! (Clamping from [x=8.421530, y=-0.031994])";"30";"turtlesim1.sim";"1695976421.974001472";"./src/turtle.cpp:update:260"
"Oh no! I hit the wall! (Clamping from [x=8.420327, y=-0.031994])";"30";"turtlesim3.sim";"1695976421.973865804";"./src/turtle.cpp:update:260"
"Oh no! I hit the wall! (Clamping from [x=8.420928, y=-0.031994])";"30";"turtlesim2.sim";"1695976421.973119698";"./src/turtle.cpp:update:260"
"Oh no! I hit the wall! (Clamping from [x=8.420928, y=-0.031994])";"30";"turtlesim1.sim";"1695976421.958615117";"./src/turtle.cpp:update:260"
"Oh no! I hit the wall! (Clamping from [x=8.420327, y=-0.031994])";"30";"turtlesim2.sim";"1695976421.957804105";"./src/turtle.cpp:update:260"
"Oh no! I hit the wall! (Clamping from [x=8.419725, y=-0.031994])";"30";"turtlesim3.sim";"1695976421.957660292";"./src/turtle.cpp:update:260"
"Oh no! I hit the wall! (Clamping from [x=8.419124, y=-0.031994])";"30";"turtlesim3.sim";"1695976421.942533022";"./src/turtle.cpp:update:260"
"Oh no! I hit the wall! (Clamping from [x=8.420327, y=-0.031994])";"30";"turtlesim1.sim";"1695976421.942118057";"./src/turtle.cpp:update:260"
"Oh no! I hit the wall! (Clamping from [x=8.419725, y=-0.031994])";"30";"turtlesim2.sim";"1695976421.941111870";"./src/turtle.cpp:update:260"
"Oh no! I hit the wall! (Clamping from [x=8.418522, y=-0.031994])";"30";"turtlesim3.sim";"1695976421.926424372";"./src/turtle.cpp:update:260"
"Oh no! I hit the wall! (Clamping from [x=8.419124, y=-0.031994])";"30";"turtlesim2.sim";"1695976421.925673207";"./src/turtle.cpp:update:260"
"Oh no! I hit the wall! (Clamping from [x=8.419725, y=-0.031994])";"30";"turtlesim1.sim";"1695976421.925604577";"./src/turtle.cpp:update:260"
"Oh no! I hit the wall! (Clamping from [x=8.419124, y=-0.031994])";"30";"turtlesim1.sim";"1695976421.910493849";"./src/turtle.cpp:update:260"
"Oh no! I hit the wall! (Clamping from [x=8.417921, y=-0.031994])";"30";"turtlesim3.sim";"1695976421.910330048";"./src/turtle.cpp:update:260"
"Oh no! I hit the wall! (Clamping from [x=8.418522, y=-0.031994])";"30";"turtlesim2.sim";"1695976421.909289346";"./src/turtle.cpp:update:260"
"Oh no! I hit the wall! (Clamping from [x=8.418522, y=-0.031994])";"30";"turtlesim1.sim";"1695976421.894007680";"./src/turtle.cpp:update:260"
"Oh no! I hit the wall! (Clamping from [x=8.417319, y=-0.031994])";"30";"turtlesim3.sim";"1695976421.893949678";"./src/turtle.cpp:update:260"
"Oh no! I hit the wall! (Clamping from [x=8.417921, y=-0.031994])";"30";"turtlesim2.sim";"1695976421.893174759";"./src/turtle.cpp:update:260"
"Oh no! I hit the wall! (Clamping from [x=8.416718, y=-0.031994])";"30";"turtlesim3.sim";"1695976421.878141945";"./src/turtle.cpp:update:260"
"Oh no! I hit the wall! (Clamping from [x=8.417921, y=-0.031994])";"30";"turtlesim1.sim";"1695976421.877791133";"./src/turtle.cpp:update:260"
"Oh no! I hit the wall! (Clamping from [x=8.417319, y=-0.031994])";"30";"turtlesim2.sim";"1695976421.876728143";"./src/turtle.cpp:update:260"
"Oh no! I hit the wall! (Clamping from [x=8.417319, y=-0.031994])";"30";"turtlesim1.sim";"1695976421.862653959";"./src/turtle.cpp:update:260"
"Oh no! I hit the wall! (Clamping from [x=8.416117, y=-0.031994])";"30";"turtlesim3.sim";"1695976421.862025677";"./src/turtle.cpp:update:260"
"Oh no! I hit the wall! (Clamping from [x=8.416718, y=-0.031994])";"30";"turtlesim2.sim";"1695976421.861279682";"./src/turtle.cpp:update:260"
"Oh no! I hit the wall! (Clamping from [x=8.415515, y=-0.031994])";"30";"turtlesim3.sim";"1695976421.846237432";"./src/turtle.cpp:update:260"
"Oh no! I hit the wall! (Clamping from [x=8.416718, y=-0.031994])";"30";"turtlesim1.sim";"1695976421.846108125";"./src/turtle.cpp:update:260"
"Oh no! I hit the wall! (Clamping from [x=8.416117, y=-0.031994])";"30";"turtlesim2.sim";"1695976421.845046553";"./src/turtle.cpp:update:260"
"Oh no! I hit the wall! (Clamping from [x=8.414914, y=-0.031994])";"30";"turtlesim3.sim";"1695976421.830392169";"./src/turtle.cpp:update:260"
"Oh no! I hit the wall! (Clamping from [x=8.416117, y=-0.031994])";"30";"turtlesim1.sim";"1695976421.829804560";"./src/turtle.cpp:update:260"
"Oh no! I hit the wall! (Clamping from [x=8.415515, y=-0.031994])";"30";"turtlesim2.sim";"1695976421.829566736";"./src/turtle.cpp:update:260"
"Oh no! I hit the wall! (Clamping from [x=8.415515, y=-0.031994])";"30";"turtlesim1.sim";"1695976421.814428231";"./src/turtle.cpp:update:260"
"Oh no! I hit the wall! (Clamping from [x=8.414312, y=-0.031994])";"30";"turtlesim3.sim";"1695976421.814334119";"./src/turtle.cpp:update:260"
"Oh no! I hit the wall! (Clamping from [x=8.414914, y=-0.031994])";"30";"turtlesim2.sim";"1695976421.813184357";"./src/turtle.cpp:update:260"
"Oh no! I hit the wall! (Clamping from [x=8.413711, y=-0.031994])";"30";"turtlesim3.sim";"1695976421.798153473";"./src/turtle.cpp:update:260"
"Oh no! I hit the wall! (Clamping from [x=8.414914, y=-0.031994])";"30";"turtlesim1.sim";"1695976421.797609671";"./src/turtle.cpp:update:260"
"Oh no! I hit the wall! (Clamping from [x=8.414312, y=-0.031994])";"30";"turtlesim2.sim";"1695976421.797501119";"./src/turtle.cpp:update:260"
"Oh no! I hit the wall! (Clamping from [x=8.414312, y=-0.031994])";"30";"turtlesim1.sim";"1695976421.782530332";"./src/turtle.cpp:update:260"
"Oh no! I hit the wall! (Clamping from [x=8.413109, y=-0.031994])";"30";"turtlesim3.sim";"1695976421.782021284";"./src/turtle.cpp:update:260"
"Oh no! I hit the wall! (Clamping from [x=8.413711, y=-0.031994])";"30";"turtlesim2.sim";"1695976421.781117002";"./src/turtle.cpp:update:260"
"Oh no! I hit the wall! (Clamping from [x=8.413711, y=-0.031994])";"30";"turtlesim1.sim";"1695976421.766076250";"./src/turtle.cpp:update:260"
"Oh no! I hit the wall! (Clamping from [x=8.412508, y=-0.031994])";"30";"turtlesim3.sim";"1695976421.765823762";"./src/turtle.cpp:update:260"
"Oh no! I hit the wall! (Clamping from [x=8.413109, y=-0.031994])";"30";"turtlesim2.sim";"1695976421.765496828";"./src/turtle.cpp:update:260"
"Oh no! I hit the wall! (Clamping from [x=8.413109, y=-0.031994])";"30";"turtlesim1.sim";"1695976421.750354840";"./src/turtle.cpp:update:260"
"Oh no! I hit the wall! (Clamping from [x=8.411906, y=-0.031994])";"30";"turtlesim3.sim";"1695976421.749762173";"./src/turtle.cpp:update:260"
"Oh no! I hit the wall! (Clamping from [x=8.412508, y=-0.031994])";"30";"turtlesim2.sim";"1695976421.749256037";"./src/turtle.cpp:update:260"
"Oh no! I hit the wall! (Clamping from [x=8.411305, y=-0.031994])";"30";"turtlesim3.sim";"1695976421.734289166";"./src/turtle.cpp:update:260"
"Oh no! I hit the wall! (Clamping from [x=8.412508, y=-0.031994])";"30";"turtlesim1.sim";"1695976421.733556627";"./src/turtle.cpp:update:260"
"Oh no! I hit the wall! (Clamping from [x=8.411906, y=-0.031994])";"30";"turtlesim2.sim";"1695976421.733188316";"./src/turtle.cpp:update:260"
"Oh no! I hit the wall! (Clamping from [x=8.411906, y=-0.031994])";"30";"turtlesim1.sim";"1695976421.718440708";"./src/turtle.cpp:update:260"
"Oh no! I hit the wall! (Clamping from [x=8.410703, y=-0.031994])";"30";"turtlesim3.sim";"1695976421.718358484";"./src/turtle.cpp:update:260"
"Oh no! I hit the wall! (Clamping from [x=8.411305, y=-0.031994])";"30";"turtlesim2.sim";"1695976421.717036913";"./src/turtle.cpp:update:260"
"Oh no! I hit the wall! (Clamping from [x=8.410102, y=-0.031994])";"30";"turtlesim3.sim";"1695976421.702305786";"./src/turtle.cpp:update:260"
"Oh no! I hit the wall! (Clamping from [x=8.411305, y=-0.031994])";"30";"turtlesim1.sim";"1695976421.702293543";"./src/turtle.cpp:update:260"
"Oh no! I hit the wall! (Clamping from [x=8.410703, y=-0.031994])";"30";"turtlesim2.sim";"1695976421.700880093";"./src/turtle.cpp:update:260"
"Oh no! I hit the wall! (Clamping from [x=8.409501, y=-0.031994])";"30";"turtlesim3.sim";"1695976421.686364377";"./src/turtle.cpp:update:260"
"Oh no! I hit the wall! (Clamping from [x=8.410703, y=-0.031994])";"30";"turtlesim1.sim";"1695976421.685829358";"./src/turtle.cpp:update:260"
"Oh no! I hit the wall! (Clamping from [x=8.410102, y=-0.031994])";"30";"turtlesim2.sim";"1695976421.684744673";"./src/turtle.cpp:update:260"
"Oh no! I hit the wall! (Clamping from [x=8.410102, y=-0.031994])";"30";"turtlesim1.sim";"1695976421.670467288";"./src/turtle.cpp:update:260"
"Oh no! I hit the wall! (Clamping from [x=8.408899, y=-0.031994])";"30";"turtlesim3.sim";"1695976421.669733025";"./src/turtle.cpp:update:260"
"Oh no! I hit the wall! (Clamping from [x=8.409501, y=-0.031994])";"30";"turtlesim2.sim";"1695976421.669440882";"./src/turtle.cpp:update:260"
"Oh no! I hit the wall! (Clamping from [x=8.409501, y=-0.031994])";"30";"turtlesim1.sim";"1695976421.654335202";"./src/turtle.cpp:update:260"
"Oh no! I hit the wall! (Clamping from [x=8.408298, y=-0.031994])";"30";"turtlesim3.sim";"1695976421.653695601";"./src/turtle.cpp:update:260"
"Oh no! I hit the wall! (Clamping from [x=8.408899, y=-0.031994])";"30";"turtlesim2.sim";"1695976421.652929664";"./src/turtle.cpp:update:260"
"Oh no! I hit the wall! (Clamping from [x=8.408899, y=-0.031994])";"30";"turtlesim1.sim";"1695976421.638231151";"./src/turtle.cpp:update:260"
"Oh no! I hit the wall! (Clamping from [x=8.407696, y=-0.031994])";"30";"turtlesim3.sim";"1695976421.637778006";"./src/turtle.cpp:update:260"
"Oh no! I hit the wall! (Clamping from [x=8.408298, y=-0.031994])";"30";"turtlesim2.sim";"1695976421.636816215";"./src/turtle.cpp:update:260"
"Oh no! I hit the wall! (Clamping from [x=8.408298, y=-0.031994])";"30";"turtlesim1.sim";"1695976421.622279875";"./src/turtle.cpp:update:260"
"Oh no! I hit the wall! (Clamping from [x=8.407095, y=-0.031994])";"30";"turtlesim3.sim";"1695976421.621690049";"./src/turtle.cpp:update:260"
"Oh no! I hit the wall! (Clamping from [x=8.407696, y=-0.031994])";"30";"turtlesim2.sim";"1695976421.621528684";"./src/turtle.cpp:update:260"
"Oh no! I hit the wall! (Clamping from [x=8.407696, y=-0.031994])";"30";"turtlesim1.sim";"1695976421.605632425";"./src/turtle.cpp:update:260"
"Oh no! I hit the wall! (Clamping from [x=8.406493, y=-0.031994])";"30";"turtlesim3.sim";"1695976421.605506644";"./src/turtle.cpp:update:260"
"Oh no! I hit the wall! (Clamping from [x=8.407095, y=-0.031994])";"30";"turtlesim2.sim";"1695976421.604914248";"./src/turtle.cpp:update:260"
"Oh no! I hit the wall! (Clamping from [x=8.405892, y=-0.031994])";"30";"turtlesim3.sim";"1695976421.590200069";"./src/turtle.cpp:update:260"
"Oh no! I hit the wall! (Clamping from [x=8.407095, y=-0.031994])";"30";"turtlesim1.sim";"1695976421.589888670";"./src/turtle.cpp:update:260"
"Oh no! I hit the wall! (Clamping from [x=8.406493, y=-0.031994])";"30";"turtlesim2.sim";"1695976421.589509609";"./src/turtle.cpp:update:260"
"Oh no! I hit the wall! (Clamping from [x=8.406493, y=-0.031994])";"30";"turtlesim1.sim";"1695976421.574518383";"./src/turtle.cpp:update:260"
"Oh no! I hit the wall! (Clamping from [x=8.405290, y=-0.031994])";"30";"turtlesim3.sim";"1695976421.573995561";"./src/turtle.cpp:update:260"
"Oh no! I hit the wall! (Clamping from [x=8.405892, y=-0.031994])";"30";"turtlesim2.sim";"1695976421.573303304";"./src/turtle.cpp:update:260"
"Oh no! I hit the wall! (Clamping from [x=8.405892, y=-0.031994])";"30";"turtlesim1.sim";"1695976421.558425663";"./src/turtle.cpp:update:260"
"Oh no! I hit the wall! (Clamping from [x=8.404689, y=-0.031994])";"30";"turtlesim3.sim";"1695976421.558105147";"./src/turtle.cpp:update:260"
"Oh no! I hit the wall! (Clamping from [x=8.405290, y=-0.031994])";"30";"turtlesim2.sim";"1695976421.556993662";"./src/turtle.cpp:update:260"
"Oh no! I hit the wall! (Clamping from [x=8.404088, y=-0.031994])";"30";"turtlesim3.sim";"1695976421.542170978";"./src/turtle.cpp:update:260"
"Oh no! I hit the wall! (Clamping from [x=8.405290, y=-0.031994])";"30";"turtlesim1.sim";"1695976421.542107067";"./src/turtle.cpp:update:260"
"Oh no! I hit the wall! (Clamping from [x=8.404689, y=-0.031994])";"30";"turtlesim2.sim";"1695976421.540793032";"./src/turtle.cpp:update:260"
"Oh no! I hit the wall! (Clamping from [x=8.404689, y=-0.031994])";"30";"turtlesim1.sim";"1695976421.526696727";"./src/turtle.cpp:update:260"
"Oh no! I hit the wall! (Clamping from [x=8.403486, y=-0.003466])";"30";"turtlesim3.sim";"1695976421.525709710";"./src/turtle.cpp:update:260"
"Oh no! I hit the wall! (Clamping from [x=8.404088, y=-0.031994])";"30";"turtlesim2.sim";"1695976421.525370369";"./src/turtle.cpp:update:260"
"Oh no! I hit the wall! (Clamping from [x=8.404088, y=-0.031994])";"30";"turtlesim1.sim";"1695976421.510693881";"./src/turtle.cpp:update:260"
"Oh no! I hit the wall! (Clamping from [x=8.403486, y=-0.003466])";"30";"turtlesim2.sim";"1695976421.509451160";"./src/turtle.cpp:update:260"
"Oh no! I hit the wall! (Clamping from [x=8.403486, y=-0.003466])";"30";"turtlesim1.sim";"1695976421.494314978";"./src/turtle.cpp:update:260"
"Rotation goal received before a previous goal finished. Aborting previous goal";"30";"turtlesim1.sim";"1695976197.390171940";"./src/turtle.cpp:rotateAbsoluteAcceptCallback:142"
"Rotation goal received before a previous goal finished. Aborting previous goal";"30";"turtlesim1.sim";"1695976194.013505360";"./src/turtle.cpp:rotateAbsoluteAcceptCallback:142"
